experiment,target,representation,model,encoding,n_uploads,n_qubits,n_layers,n_params,n_train,rotation_id,polar_angle,seed,stepsize,train_acc,test_acc,balanced_acc,majority,ceiling,final_loss,wall_time
faithfulness-tilt,latitude_bands,bloch,VQC,,,,,12,300,tilt_0,0.0,2000,,0.91,0.83,0.8300000000000001,0.5,,,
faithfulness-tilt,latitude_bands,bloch,VQC,,,,,12,300,tilt_0,0.0,2001,,0.8566666666666667,0.86,0.86,0.5,,,
faithfulness-tilt,latitude_bands,bloch,VQC,,,,,12,300,tilt_0,0.0,2002,,0.89,0.86,0.86,0.5,,,
faithfulness-tilt,latitude_bands,bloch,VQC,,,,,12,300,tilt_0,0.0,2003,,0.91,0.86,0.86,0.5,,,
faithfulness-tilt,latitude_bands,bloch,VQC,,,,,12,300,tilt_0,0.0,2004,,0.92,0.87,0.87,0.5,,,
faithfulness-tilt,latitude_bands,bloch,VQC,,,,,12,300,tilt_0,0.0,2005,,0.9,0.88,0.88,0.5,,,
faithfulness-tilt,latitude_bands,bloch,VQC,,,,,12,300,tilt_0,0.0,2006,,0.9066666666666666,0.81,0.81,0.5,,,
faithfulness-tilt,latitude_bands,bloch,VQC,,,,,12,300,tilt_0,0.0,2007,,0.8966666666666666,0.81,0.81,0.5,,,
faithfulness-tilt,latitude_bands,bloch,VQC,,,,,12,300,tilt_0,0.0,2008,,0.8833333333333333,0.87,0.87,0.5,,,
faithfulness-tilt,latitude_bands,bloch,VQC,,,,,12,300,tilt_0,0.0,2009,,0.9033333333333333,0.84,0.84,0.5,,,
faithfulness-tilt,latitude_bands,cartesian,FFNN(cartesian),,,,,41,300,tilt_0,0.0,2000,,0.9233333333333333,0.83,0.8300000000000001,0.5,,,
faithfulness-tilt,latitude_bands,cartesian,FFNN(cartesian),,,,,41,300,tilt_0,0.0,2001,,0.8733333333333333,0.87,0.87,0.5,,,
faithfulness-tilt,latitude_bands,cartesian,FFNN(cartesian),,,,,41,300,tilt_0,0.0,2002,,0.91,0.87,0.87,0.5,,,
faithfulness-tilt,latitude_bands,cartesian,FFNN(cartesian),,,,,41,300,tilt_0,0.0,2003,,0.9066666666666666,0.85,0.85,0.5,,,
faithfulness-tilt,latitude_bands,cartesian,FFNN(cartesian),,,,,41,300,tilt_0,0.0,2004,,0.9266666666666666,0.88,0.88,0.5,,,
faithfulness-tilt,latitude_bands,cartesian,FFNN(cartesian),,,,,41,300,tilt_0,0.0,2005,,0.9033333333333333,0.9,0.9,0.5,,,
faithfulness-tilt,latitude_bands,cartesian,FFNN(cartesian),,,,,41,300,tilt_0,0.0,2006,,0.9166666666666666,0.86,0.8600000000000001,0.5,,,
faithfulness-tilt,latitude_bands,cartesian,FFNN(cartesian),,,,,41,300,tilt_0,0.0,2007,,0.8966666666666666,0.81,0.81,0.5,,,
faithfulness-tilt,latitude_bands,cartesian,FFNN(cartesian),,,,,41,300,tilt_0,0.0,2008,,0.9033333333333333,0.88,0.8799999999999999,0.5,,,
faithfulness-tilt,latitude_bands,cartesian,FFNN(cartesian),,,,,41,300,tilt_0,0.0,2009,,0.8933333333333333,0.82,0.8200000000000001,0.5,,,
faithfulness-tilt,latitude_bands,sincos,FFNN(sincos),,,,,49,300,tilt_0,0.0,2000,,0.9233333333333333,0.84,0.84,0.5,,,
faithfulness-tilt,latitude_bands,sincos,FFNN(sincos),,,,,49,300,tilt_0,0.0,2001,,0.8733333333333333,0.87,0.87,0.5,,,
faithfulness-tilt,latitude_bands,sincos,FFNN(sincos),,,,,49,300,tilt_0,0.0,2002,,0.9066666666666666,0.87,0.87,0.5,,,
faithfulness-tilt,latitude_bands,sincos,FFNN(sincos),,,,,49,300,tilt_0,0.0,2003,,0.9133333333333333,0.85,0.85,0.5,,,
faithfulness-tilt,latitude_bands,sincos,FFNN(sincos),,,,,49,300,tilt_0,0.0,2004,,0.9266666666666666,0.87,0.87,0.5,,,
faithfulness-tilt,latitude_bands,sincos,FFNN(sincos),,,,,49,300,tilt_0,0.0,2005,,0.9066666666666666,0.9,0.9,0.5,,,
faithfulness-tilt,latitude_bands,sincos,FFNN(sincos),,,,,49,300,tilt_0,0.0,2006,,0.91,0.86,0.8600000000000001,0.5,,,
faithfulness-tilt,latitude_bands,sincos,FFNN(sincos),,,,,49,300,tilt_0,0.0,2007,,0.89,0.81,0.81,0.5,,,
faithfulness-tilt,latitude_bands,sincos,FFNN(sincos),,,,,49,300,tilt_0,0.0,2008,,0.8966666666666666,0.88,0.8799999999999999,0.5,,,
faithfulness-tilt,latitude_bands,sincos,FFNN(sincos),,,,,49,300,tilt_0,0.0,2009,,0.8966666666666666,0.83,0.83,0.5,,,
faithfulness-tilt,latitude_bands,raw,FFNN(raw),,,,,33,300,tilt_0,0.0,2000,,0.9066666666666666,0.84,0.84,0.5,,,
faithfulness-tilt,latitude_bands,raw,FFNN(raw),,,,,33,300,tilt_0,0.0,2001,,0.8766666666666667,0.86,0.8600000000000001,0.5,,,
faithfulness-tilt,latitude_bands,raw,FFNN(raw),,,,,33,300,tilt_0,0.0,2002,,0.8933333333333333,0.89,0.89,0.5,,,
faithfulness-tilt,latitude_bands,raw,FFNN(raw),,,,,33,300,tilt_0,0.0,2003,,0.91,0.85,0.85,0.5,,,
faithfulness-tilt,latitude_bands,raw,FFNN(raw),,,,,33,300,tilt_0,0.0,2004,,0.92,0.87,0.87,0.5,,,
faithfulness-tilt,latitude_bands,raw,FFNN(raw),,,,,33,300,tilt_0,0.0,2005,,0.9033333333333333,0.89,0.89,0.5,,,
faithfulness-tilt,latitude_bands,raw,FFNN(raw),,,,,33,300,tilt_0,0.0,2006,,0.9133333333333333,0.84,0.84,0.5,,,
faithfulness-tilt,latitude_bands,raw,FFNN(raw),,,,,33,300,tilt_0,0.0,2007,,0.9,0.82,0.8200000000000001,0.5,,,
faithfulness-tilt,latitude_bands,raw,FFNN(raw),,,,,33,300,tilt_0,0.0,2008,,0.8966666666666666,0.89,0.8899999999999999,0.5,,,
faithfulness-tilt,latitude_bands,raw,FFNN(raw),,,,,33,300,tilt_0,0.0,2009,,0.8966666666666666,0.86,0.86,0.5,,,
faithfulness-tilt,latitude_bands,bloch,VQC,,,,,12,300,tilt_1,0.2617993877991494,2000,,0.91,0.83,0.8300000000000001,0.5,,,
faithfulness-tilt,latitude_bands,bloch,VQC,,,,,12,300,tilt_1,0.2617993877991494,2001,,0.8566666666666667,0.86,0.86,0.5,,,
faithfulness-tilt,latitude_bands,bloch,VQC,,,,,12,300,tilt_1,0.2617993877991494,2002,,0.89,0.86,0.86,0.5,,,
faithfulness-tilt,latitude_bands,bloch,VQC,,,,,12,300,tilt_1,0.2617993877991494,2003,,0.91,0.86,0.86,0.5,,,
faithfulness-tilt,latitude_bands,bloch,VQC,,,,,12,300,tilt_1,0.2617993877991494,2004,,0.92,0.87,0.87,0.5,,,
faithfulness-tilt,latitude_bands,bloch,VQC,,,,,12,300,tilt_1,0.2617993877991494,2005,,0.9,0.89,0.89,0.5,,,
faithfulness-tilt,latitude_bands,bloch,VQC,,,,,12,300,tilt_1,0.2617993877991494,2006,,0.9066666666666666,0.81,0.81,0.5,,,
faithfulness-tilt,latitude_bands,bloch,VQC,,,,,12,300,tilt_1,0.2617993877991494,2007,,0.8966666666666666,0.81,0.81,0.5,,,
faithfulness-tilt,latitude_bands,bloch,VQC,,,,,12,300,tilt_1,0.2617993877991494,2008,,0.8833333333333333,0.87,0.87,0.5,,,
faithfulness-tilt,latitude_bands,bloch,VQC,,,,,12,300,tilt_1,0.2617993877991494,2009,,0.9033333333333333,0.84,0.84,0.5,,,
faithfulness-tilt,latitude_bands,cartesian,FFNN(cartesian),,,,,41,300,tilt_1,0.2617993877991494,2000,,0.9166666666666666,0.83,0.8300000000000001,0.5,,,
faithfulness-tilt,latitude_bands,cartesian,FFNN(cartesian),,,,,41,300,tilt_1,0.2617993877991494,2001,,0.8633333333333333,0.86,0.86,0.5,,,
faithfulness-tilt,latitude_bands,cartesian,FFNN(cartesian),,,,,41,300,tilt_1,0.2617993877991494,2002,,0.91,0.87,0.87,0.5,,,
faithfulness-tilt,latitude_bands,cartesian,FFNN(cartesian),,,,,41,300,tilt_1,0.2617993877991494,2003,,0.9066666666666666,0.85,0.85,0.5,,,
faithfulness-tilt,latitude_bands,cartesian,FFNN(cartesian),,,,,41,300,tilt_1,0.2617993877991494,2004,,0.9266666666666666,0.88,0.88,0.5,,,
faithfulness-tilt,latitude_bands,cartesian,FFNN(cartesian),,,,,41,300,tilt_1,0.2617993877991494,2005,,0.9033333333333333,0.9,0.9,0.5,,,
faithfulness-tilt,latitude_bands,cartesian,FFNN(cartesian),,,,,41,300,tilt_1,0.2617993877991494,2006,,0.9166666666666666,0.86,0.8600000000000001,0.5,,,
faithfulness-tilt,latitude_bands,cartesian,FFNN(cartesian),,,,,41,300,tilt_1,0.2617993877991494,2007,,0.9,0.8,0.8,0.5,,,
faithfulness-tilt,latitude_bands,cartesian,FFNN(cartesian),,,,,41,300,tilt_1,0.2617993877991494,2008,,0.9033333333333333,0.88,0.8799999999999999,0.5,,,
faithfulness-tilt,latitude_bands,cartesian,FFNN(cartesian),,,,,41,300,tilt_1,0.2617993877991494,2009,,0.8966666666666666,0.84,0.84,0.5,,,
faithfulness-tilt,latitude_bands,sincos,FFNN(sincos),,,,,49,300,tilt_1,0.2617993877991494,2000,,0.9233333333333333,0.83,0.83,0.5,,,
faithfulness-tilt,latitude_bands,sincos,FFNN(sincos),,,,,49,300,tilt_1,0.2617993877991494,2001,,0.8766666666666667,0.86,0.86,0.5,,,
faithfulness-tilt,latitude_bands,sincos,FFNN(sincos),,,,,49,300,tilt_1,0.2617993877991494,2002,,0.91,0.87,0.87,0.5,,,
faithfulness-tilt,latitude_bands,sincos,FFNN(sincos),,,,,49,300,tilt_1,0.2617993877991494,2003,,0.9133333333333333,0.83,0.83,0.5,,,
faithfulness-tilt,latitude_bands,sincos,FFNN(sincos),,,,,49,300,tilt_1,0.2617993877991494,2004,,0.92,0.87,0.87,0.5,,,
faithfulness-tilt,latitude_bands,sincos,FFNN(sincos),,,,,49,300,tilt_1,0.2617993877991494,2005,,0.9066666666666666,0.9,0.9,0.5,,,
faithfulness-tilt,latitude_bands,sincos,FFNN(sincos),,,,,49,300,tilt_1,0.2617993877991494,2006,,0.9133333333333333,0.86,0.8600000000000001,0.5,,,
faithfulness-tilt,latitude_bands,sincos,FFNN(sincos),,,,,49,300,tilt_1,0.2617993877991494,2007,,0.89,0.81,0.81,0.5,,,
faithfulness-tilt,latitude_bands,sincos,FFNN(sincos),,,,,49,300,tilt_1,0.2617993877991494,2008,,0.8933333333333333,0.88,0.8799999999999999,0.5,,,
faithfulness-tilt,latitude_bands,sincos,FFNN(sincos),,,,,49,300,tilt_1,0.2617993877991494,2009,,0.8933333333333333,0.85,0.85,0.5,,,
faithfulness-tilt,latitude_bands,raw,FFNN(raw),,,,,33,300,tilt_1,0.2617993877991494,2000,,0.8833333333333333,0.78,0.78,0.5,,,
faithfulness-tilt,latitude_bands,raw,FFNN(raw),,,,,33,300,tilt_1,0.2617993877991494,2001,,0.8433333333333334,0.81,0.81,0.5,,,
faithfulness-tilt,latitude_bands,raw,FFNN(raw),,,,,33,300,tilt_1,0.2617993877991494,2002,,0.8966666666666666,0.88,0.8799999999999999,0.5,,,
faithfulness-tilt,latitude_bands,raw,FFNN(raw),,,,,33,300,tilt_1,0.2617993877991494,2003,,0.8666666666666667,0.79,0.79,0.5,,,
faithfulness-tilt,latitude_bands,raw,FFNN(raw),,,,,33,300,tilt_1,0.2617993877991494,2004,,0.9233333333333333,0.88,0.88,0.5,,,
faithfulness-tilt,latitude_bands,raw,FFNN(raw),,,,,33,300,tilt_1,0.2617993877991494,2005,,0.8166666666666667,0.77,0.77,0.5,,,
faithfulness-tilt,latitude_bands,raw,FFNN(raw),,,,,33,300,tilt_1,0.2617993877991494,2006,,0.93,0.82,0.8200000000000001,0.5,,,
faithfulness-tilt,latitude_bands,raw,FFNN(raw),,,,,33,300,tilt_1,0.2617993877991494,2007,,0.8133333333333334,0.79,0.79,0.5,,,
faithfulness-tilt,latitude_bands,raw,FFNN(raw),,,,,33,300,tilt_1,0.2617993877991494,2008,,0.89,0.82,0.8200000000000001,0.5,,,
faithfulness-tilt,latitude_bands,raw,FFNN(raw),,,,,33,300,tilt_1,0.2617993877991494,2009,,0.91,0.82,0.8200000000000001,0.5,,,
faithfulness-tilt,latitude_bands,bloch,VQC,,,,,12,300,tilt_2,0.5235987755982988,2000,,0.91,0.83,0.8300000000000001,0.5,,,
faithfulness-tilt,latitude_bands,bloch,VQC,,,,,12,300,tilt_2,0.5235987755982988,2001,,0.8566666666666667,0.86,0.86,0.5,,,
faithfulness-tilt,latitude_bands,bloch,VQC,,,,,12,300,tilt_2,0.5235987755982988,2002,,0.89,0.86,0.86,0.5,,,
faithfulness-tilt,latitude_bands,bloch,VQC,,,,,12,300,tilt_2,0.5235987755982988,2003,,0.91,0.86,0.86,0.5,,,
faithfulness-tilt,latitude_bands,bloch,VQC,,,,,12,300,tilt_2,0.5235987755982988,2004,,0.92,0.87,0.87,0.5,,,
faithfulness-tilt,latitude_bands,bloch,VQC,,,,,12,300,tilt_2,0.5235987755982988,2005,,0.9,0.89,0.89,0.5,,,
faithfulness-tilt,latitude_bands,bloch,VQC,,,,,12,300,tilt_2,0.5235987755982988,2006,,0.9066666666666666,0.81,0.81,0.5,,,
faithfulness-tilt,latitude_bands,bloch,VQC,,,,,12,300,tilt_2,0.5235987755982988,2007,,0.8966666666666666,0.81,0.81,0.5,,,
faithfulness-tilt,latitude_bands,bloch,VQC,,,,,12,300,tilt_2,0.5235987755982988,2008,,0.8833333333333333,0.87,0.87,0.5,,,
faithfulness-tilt,latitude_bands,bloch,VQC,,,,,12,300,tilt_2,0.5235987755982988,2009,,0.9033333333333333,0.84,0.84,0.5,,,
faithfulness-tilt,latitude_bands,cartesian,FFNN(cartesian),,,,,41,300,tilt_2,0.5235987755982988,2000,,0.9166666666666666,0.83,0.8300000000000001,0.5,,,
faithfulness-tilt,latitude_bands,cartesian,FFNN(cartesian),,,,,41,300,tilt_2,0.5235987755982988,2001,,0.8766666666666667,0.87,0.87,0.5,,,
faithfulness-tilt,latitude_bands,cartesian,FFNN(cartesian),,,,,41,300,tilt_2,0.5235987755982988,2002,,0.91,0.87,0.87,0.5,,,
faithfulness-tilt,latitude_bands,cartesian,FFNN(cartesian),,,,,41,300,tilt_2,0.5235987755982988,2003,,0.9033333333333333,0.85,0.85,0.5,,,
faithfulness-tilt,latitude_bands,cartesian,FFNN(cartesian),,,,,41,300,tilt_2,0.5235987755982988,2004,,0.9266666666666666,0.87,0.87,0.5,,,
faithfulness-tilt,latitude_bands,cartesian,FFNN(cartesian),,,,,41,300,tilt_2,0.5235987755982988,2005,,0.9033333333333333,0.9,0.9,0.5,,,
faithfulness-tilt,latitude_bands,cartesian,FFNN(cartesian),,,,,41,300,tilt_2,0.5235987755982988,2006,,0.91,0.86,0.8600000000000001,0.5,,,
faithfulness-tilt,latitude_bands,cartesian,FFNN(cartesian),,,,,41,300,tilt_2,0.5235987755982988,2007,,0.9033333333333333,0.82,0.8200000000000001,0.5,,,
faithfulness-tilt,latitude_bands,cartesian,FFNN(cartesian),,,,,41,300,tilt_2,0.5235987755982988,2008,,0.9066666666666666,0.88,0.8799999999999999,0.5,,,
faithfulness-tilt,latitude_bands,cartesian,FFNN(cartesian),,,,,41,300,tilt_2,0.5235987755982988,2009,,0.8933333333333333,0.84,0.84,0.5,,,
faithfulness-tilt,latitude_bands,sincos,FFNN(sincos),,,,,49,300,tilt_2,0.5235987755982988,2000,,0.9266666666666666,0.84,0.84,0.5,,,
faithfulness-tilt,latitude_bands,sincos,FFNN(sincos),,,,,49,300,tilt_2,0.5235987755982988,2001,,0.8666666666666667,0.88,0.88,0.5,,,
faithfulness-tilt,latitude_bands,sincos,FFNN(sincos),,,,,49,300,tilt_2,0.5235987755982988,2002,,0.9066666666666666,0.87,0.87,0.5,,,
faithfulness-tilt,latitude_bands,sincos,FFNN(sincos),,,,,49,300,tilt_2,0.5235987755982988,2003,,0.9133333333333333,0.84,0.84,0.5,,,
faithfulness-tilt,latitude_bands,sincos,FFNN(sincos),,,,,49,300,tilt_2,0.5235987755982988,2004,,0.9266666666666666,0.88,0.88,0.5,,,
faithfulness-tilt,latitude_bands,sincos,FFNN(sincos),,,,,49,300,tilt_2,0.5235987755982988,2005,,0.9033333333333333,0.9,0.9,0.5,,,
faithfulness-tilt,latitude_bands,sincos,FFNN(sincos),,,,,49,300,tilt_2,0.5235987755982988,2006,,0.91,0.85,0.8500000000000001,0.5,,,
faithfulness-tilt,latitude_bands,sincos,FFNN(sincos),,,,,49,300,tilt_2,0.5235987755982988,2007,,0.9,0.8,0.8,0.5,,,
faithfulness-tilt,latitude_bands,sincos,FFNN(sincos),,,,,49,300,tilt_2,0.5235987755982988,2008,,0.9033333333333333,0.88,0.8799999999999999,0.5,,,
faithfulness-tilt,latitude_bands,sincos,FFNN(sincos),,,,,49,300,tilt_2,0.5235987755982988,2009,,0.9033333333333333,0.82,0.8200000000000001,0.5,,,
faithfulness-tilt,latitude_bands,raw,FFNN(raw),,,,,33,300,tilt_2,0.5235987755982988,2000,,0.8966666666666666,0.84,0.8400000000000001,0.5,,,
faithfulness-tilt,latitude_bands,raw,FFNN(raw),,,,,33,300,tilt_2,0.5235987755982988,2001,,0.85,0.87,0.87,0.5,,,
faithfulness-tilt,latitude_bands,raw,FFNN(raw),,,,,33,300,tilt_2,0.5235987755982988,2002,,0.9066666666666666,0.85,0.85,0.5,,,
faithfulness-tilt,latitude_bands,raw,FFNN(raw),,,,,33,300,tilt_2,0.5235987755982988,2003,,0.7533333333333333,0.69,0.69,0.5,,,
faithfulness-tilt,latitude_bands,raw,FFNN(raw),,,,,33,300,tilt_2,0.5235987755982988,2004,,0.9166666666666666,0.89,0.89,0.5,,,
faithfulness-tilt,latitude_bands,raw,FFNN(raw),,,,,33,300,tilt_2,0.5235987755982988,2005,,0.8933333333333333,0.88,0.88,0.5,,,
faithfulness-tilt,latitude_bands,raw,FFNN(raw),,,,,33,300,tilt_2,0.5235987755982988,2006,,0.9133333333333333,0.84,0.8400000000000001,0.5,,,
faithfulness-tilt,latitude_bands,raw,FFNN(raw),,,,,33,300,tilt_2,0.5235987755982988,2007,,0.8533333333333334,0.86,0.86,0.5,,,
faithfulness-tilt,latitude_bands,raw,FFNN(raw),,,,,33,300,tilt_2,0.5235987755982988,2008,,0.8866666666666667,0.85,0.8500000000000001,0.5,,,
faithfulness-tilt,latitude_bands,raw,FFNN(raw),,,,,33,300,tilt_2,0.5235987755982988,2009,,0.91,0.85,0.85,0.5,,,
faithfulness-tilt,latitude_bands,bloch,VQC,,,,,12,300,tilt_3,0.7853981633974483,2000,,0.9066666666666666,0.82,0.8200000000000001,0.5,,,
faithfulness-tilt,latitude_bands,bloch,VQC,,,,,12,300,tilt_3,0.7853981633974483,2001,,0.8566666666666667,0.86,0.86,0.5,,,
faithfulness-tilt,latitude_bands,bloch,VQC,,,,,12,300,tilt_3,0.7853981633974483,2002,,0.89,0.86,0.86,0.5,,,
faithfulness-tilt,latitude_bands,bloch,VQC,,,,,12,300,tilt_3,0.7853981633974483,2003,,0.91,0.86,0.86,0.5,,,
faithfulness-tilt,latitude_bands,bloch,VQC,,,,,12,300,tilt_3,0.7853981633974483,2004,,0.92,0.87,0.87,0.5,,,
faithfulness-tilt,latitude_bands,bloch,VQC,,,,,12,300,tilt_3,0.7853981633974483,2005,,0.9,0.89,0.89,0.5,,,
faithfulness-tilt,latitude_bands,bloch,VQC,,,,,12,300,tilt_3,0.7853981633974483,2006,,0.9066666666666666,0.81,0.81,0.5,,,
faithfulness-tilt,latitude_bands,bloch,VQC,,,,,12,300,tilt_3,0.7853981633974483,2007,,0.8966666666666666,0.81,0.81,0.5,,,
faithfulness-tilt,latitude_bands,bloch,VQC,,,,,12,300,tilt_3,0.7853981633974483,2008,,0.8866666666666667,0.87,0.87,0.5,,,
faithfulness-tilt,latitude_bands,bloch,VQC,,,,,12,300,tilt_3,0.7853981633974483,2009,,0.9033333333333333,0.84,0.84,0.5,,,
faithfulness-tilt,latitude_bands,cartesian,FFNN(cartesian),,,,,41,300,tilt_3,0.7853981633974483,2000,,0.9233333333333333,0.85,0.85,0.5,,,
faithfulness-tilt,latitude_bands,cartesian,FFNN(cartesian),,,,,41,300,tilt_3,0.7853981633974483,2001,,0.88,0.85,0.85,0.5,,,
faithfulness-tilt,latitude_bands,cartesian,FFNN(cartesian),,,,,41,300,tilt_3,0.7853981633974483,2002,,0.9033333333333333,0.87,0.87,0.5,,,
faithfulness-tilt,latitude_bands,cartesian,FFNN(cartesian),,,,,41,300,tilt_3,0.7853981633974483,2003,,0.91,0.85,0.85,0.5,,,
faithfulness-tilt,latitude_bands,cartesian,FFNN(cartesian),,,,,41,300,tilt_3,0.7853981633974483,2004,,0.9233333333333333,0.88,0.88,0.5,,,
faithfulness-tilt,latitude_bands,cartesian,FFNN(cartesian),,,,,41,300,tilt_3,0.7853981633974483,2005,,0.9033333333333333,0.9,0.9,0.5,,,
faithfulness-tilt,latitude_bands,cartesian,FFNN(cartesian),,,,,41,300,tilt_3,0.7853981633974483,2006,,0.91,0.87,0.87,0.5,,,
faithfulness-tilt,latitude_bands,cartesian,FFNN(cartesian),,,,,41,300,tilt_3,0.7853981633974483,2007,,0.9033333333333333,0.82,0.8200000000000001,0.5,,,
faithfulness-tilt,latitude_bands,cartesian,FFNN(cartesian),,,,,41,300,tilt_3,0.7853981633974483,2008,,0.9066666666666666,0.88,0.8799999999999999,0.5,,,
faithfulness-tilt,latitude_bands,cartesian,FFNN(cartesian),,,,,41,300,tilt_3,0.7853981633974483,2009,,0.9,0.83,0.83,0.5,,,
faithfulness-tilt,latitude_bands,sincos,FFNN(sincos),,,,,49,300,tilt_3,0.7853981633974483,2000,,0.92,0.84,0.84,0.5,,,
faithfulness-tilt,latitude_bands,sincos,FFNN(sincos),,,,,49,300,tilt_3,0.7853981633974483,2001,,0.8666666666666667,0.87,0.87,0.5,,,
faithfulness-tilt,latitude_bands,sincos,FFNN(sincos),,,,,49,300,tilt_3,0.7853981633974483,2002,,0.9066666666666666,0.89,0.8899999999999999,0.5,,,
faithfulness-tilt,latitude_bands,sincos,FFNN(sincos),,,,,49,300,tilt_3,0.7853981633974483,2003,,0.9166666666666666,0.86,0.86,0.5,,,
faithfulness-tilt,latitude_bands,sincos,FFNN(sincos),,,,,49,300,tilt_3,0.7853981633974483,2004,,0.9333333333333333,0.86,0.86,0.5,,,
faithfulness-tilt,latitude_bands,sincos,FFNN(sincos),,,,,49,300,tilt_3,0.7853981633974483,2005,,0.9033333333333333,0.9,0.9,0.5,,,
faithfulness-tilt,latitude_bands,sincos,FFNN(sincos),,,,,49,300,tilt_3,0.7853981633974483,2006,,0.9166666666666666,0.85,0.8500000000000001,0.5,,,
faithfulness-tilt,latitude_bands,sincos,FFNN(sincos),,,,,49,300,tilt_3,0.7853981633974483,2007,,0.8866666666666667,0.82,0.82,0.5,,,
faithfulness-tilt,latitude_bands,sincos,FFNN(sincos),,,,,49,300,tilt_3,0.7853981633974483,2008,,0.9033333333333333,0.88,0.8799999999999999,0.5,,,
faithfulness-tilt,latitude_bands,sincos,FFNN(sincos),,,,,49,300,tilt_3,0.7853981633974483,2009,,0.9066666666666666,0.83,0.83,0.5,,,
faithfulness-tilt,latitude_bands,raw,FFNN(raw),,,,,33,300,tilt_3,0.7853981633974483,2000,,0.8766666666666667,0.84,0.8400000000000001,0.5,,,
faithfulness-tilt,latitude_bands,raw,FFNN(raw),,,,,33,300,tilt_3,0.7853981633974483,2001,,0.8266666666666667,0.87,0.87,0.5,,,
faithfulness-tilt,latitude_bands,raw,FFNN(raw),,,,,33,300,tilt_3,0.7853981633974483,2002,,0.89,0.86,0.86,0.5,,,
faithfulness-tilt,latitude_bands,raw,FFNN(raw),,,,,33,300,tilt_3,0.7853981633974483,2003,,0.8666666666666667,0.82,0.8200000000000001,0.5,,,
faithfulness-tilt,latitude_bands,raw,FFNN(raw),,,,,33,300,tilt_3,0.7853981633974483,2004,,0.91,0.89,0.89,0.5,,,
faithfulness-tilt,latitude_bands,raw,FFNN(raw),,,,,33,300,tilt_3,0.7853981633974483,2005,,0.8933333333333333,0.88,0.88,0.5,,,
faithfulness-tilt,latitude_bands,raw,FFNN(raw),,,,,33,300,tilt_3,0.7853981633974483,2006,,0.8966666666666666,0.83,0.83,0.5,,,
faithfulness-tilt,latitude_bands,raw,FFNN(raw),,,,,33,300,tilt_3,0.7853981633974483,2007,,0.8366666666666667,0.85,0.8500000000000001,0.5,,,
faithfulness-tilt,latitude_bands,raw,FFNN(raw),,,,,33,300,tilt_3,0.7853981633974483,2008,,0.8666666666666667,0.83,0.8300000000000001,0.5,,,
faithfulness-tilt,latitude_bands,raw,FFNN(raw),,,,,33,300,tilt_3,0.7853981633974483,2009,,0.9033333333333333,0.82,0.8200000000000001,0.5,,,
faithfulness-tilt,latitude_bands,bloch,VQC,,,,,12,300,tilt_4,1.0471975511965976,2000,,0.91,0.83,0.8300000000000001,0.5,,,
faithfulness-tilt,latitude_bands,bloch,VQC,,,,,12,300,tilt_4,1.0471975511965976,2001,,0.8566666666666667,0.86,0.86,0.5,,,
faithfulness-tilt,latitude_bands,bloch,VQC,,,,,12,300,tilt_4,1.0471975511965976,2002,,0.89,0.86,0.86,0.5,,,
faithfulness-tilt,latitude_bands,bloch,VQC,,,,,12,300,tilt_4,1.0471975511965976,2003,,0.91,0.86,0.86,0.5,,,
faithfulness-tilt,latitude_bands,bloch,VQC,,,,,12,300,tilt_4,1.0471975511965976,2004,,0.92,0.87,0.87,0.5,,,
faithfulness-tilt,latitude_bands,bloch,VQC,,,,,12,300,tilt_4,1.0471975511965976,2005,,0.9,0.89,0.89,0.5,,,
faithfulness-tilt,latitude_bands,bloch,VQC,,,,,12,300,tilt_4,1.0471975511965976,2006,,0.9066666666666666,0.81,0.81,0.5,,,
faithfulness-tilt,latitude_bands,bloch,VQC,,,,,12,300,tilt_4,1.0471975511965976,2007,,0.8966666666666666,0.81,0.81,0.5,,,
faithfulness-tilt,latitude_bands,bloch,VQC,,,,,12,300,tilt_4,1.0471975511965976,2008,,0.8833333333333333,0.87,0.87,0.5,,,
faithfulness-tilt,latitude_bands,bloch,VQC,,,,,12,300,tilt_4,1.0471975511965976,2009,,0.9033333333333333,0.84,0.84,0.5,,,
faithfulness-tilt,latitude_bands,cartesian,FFNN(cartesian),,,,,41,300,tilt_4,1.0471975511965976,2000,,0.9233333333333333,0.85,0.85,0.5,,,
faithfulness-tilt,latitude_bands,cartesian,FFNN(cartesian),,,,,41,300,tilt_4,1.0471975511965976,2001,,0.87,0.85,0.85,0.5,,,
faithfulness-tilt,latitude_bands,cartesian,FFNN(cartesian),,,,,41,300,tilt_4,1.0471975511965976,2002,,0.9033333333333333,0.88,0.8799999999999999,0.5,,,
faithfulness-tilt,latitude_bands,cartesian,FFNN(cartesian),,,,,41,300,tilt_4,1.0471975511965976,2003,,0.91,0.85,0.85,0.5,,,
faithfulness-tilt,latitude_bands,cartesian,FFNN(cartesian),,,,,41,300,tilt_4,1.0471975511965976,2004,,0.92,0.87,0.87,0.5,,,
faithfulness-tilt,latitude_bands,cartesian,FFNN(cartesian),,,,,41,300,tilt_4,1.0471975511965976,2005,,0.9033333333333333,0.91,0.91,0.5,,,
faithfulness-tilt,latitude_bands,cartesian,FFNN(cartesian),,,,,41,300,tilt_4,1.0471975511965976,2006,,0.91,0.86,0.8600000000000001,0.5,,,
faithfulness-tilt,latitude_bands,cartesian,FFNN(cartesian),,,,,41,300,tilt_4,1.0471975511965976,2007,,0.8933333333333333,0.8,0.8,0.5,,,
faithfulness-tilt,latitude_bands,cartesian,FFNN(cartesian),,,,,41,300,tilt_4,1.0471975511965976,2008,,0.9033333333333333,0.88,0.8799999999999999,0.5,,,
faithfulness-tilt,latitude_bands,cartesian,FFNN(cartesian),,,,,41,300,tilt_4,1.0471975511965976,2009,,0.9066666666666666,0.81,0.81,0.5,,,
faithfulness-tilt,latitude_bands,sincos,FFNN(sincos),,,,,49,300,tilt_4,1.0471975511965976,2000,,0.9266666666666666,0.83,0.83,0.5,,,
faithfulness-tilt,latitude_bands,sincos,FFNN(sincos),,,,,49,300,tilt_4,1.0471975511965976,2001,,0.8833333333333333,0.87,0.87,0.5,,,
faithfulness-tilt,latitude_bands,sincos,FFNN(sincos),,,,,49,300,tilt_4,1.0471975511965976,2002,,0.9,0.89,0.8899999999999999,0.5,,,
faithfulness-tilt,latitude_bands,sincos,FFNN(sincos),,,,,49,300,tilt_4,1.0471975511965976,2003,,0.91,0.87,0.87,0.5,,,
faithfulness-tilt,latitude_bands,sincos,FFNN(sincos),,,,,49,300,tilt_4,1.0471975511965976,2004,,0.9233333333333333,0.87,0.87,0.5,,,
faithfulness-tilt,latitude_bands,sincos,FFNN(sincos),,,,,49,300,tilt_4,1.0471975511965976,2005,,0.9033333333333333,0.9,0.9,0.5,,,
faithfulness-tilt,latitude_bands,sincos,FFNN(sincos),,,,,49,300,tilt_4,1.0471975511965976,2006,,0.9133333333333333,0.83,0.8300000000000001,0.5,,,
faithfulness-tilt,latitude_bands,sincos,FFNN(sincos),,,,,49,300,tilt_4,1.0471975511965976,2007,,0.8766666666666667,0.82,0.82,0.5,,,
faithfulness-tilt,latitude_bands,sincos,FFNN(sincos),,,,,49,300,tilt_4,1.0471975511965976,2008,,0.9166666666666666,0.89,0.8899999999999999,0.5,,,
faithfulness-tilt,latitude_bands,sincos,FFNN(sincos),,,,,49,300,tilt_4,1.0471975511965976,2009,,0.9033333333333333,0.83,0.8300000000000001,0.5,,,
faithfulness-tilt,latitude_bands,raw,FFNN(raw),,,,,33,300,tilt_4,1.0471975511965976,2000,,0.8366666666666667,0.82,0.8200000000000001,0.5,,,
faithfulness-tilt,latitude_bands,raw,FFNN(raw),,,,,33,300,tilt_4,1.0471975511965976,2001,,0.8133333333333334,0.83,0.83,0.5,,,
faithfulness-tilt,latitude_bands,raw,FFNN(raw),,,,,33,300,tilt_4,1.0471975511965976,2002,,0.8933333333333333,0.85,0.85,0.5,,,
faithfulness-tilt,latitude_bands,raw,FFNN(raw),,,,,33,300,tilt_4,1.0471975511965976,2003,,0.87,0.83,0.83,0.5,,,
faithfulness-tilt,latitude_bands,raw,FFNN(raw),,,,,33,300,tilt_4,1.0471975511965976,2004,,0.8966666666666666,0.86,0.86,0.5,,,
faithfulness-tilt,latitude_bands,raw,FFNN(raw),,,,,33,300,tilt_4,1.0471975511965976,2005,,0.85,0.85,0.85,0.5,,,
faithfulness-tilt,latitude_bands,raw,FFNN(raw),,,,,33,300,tilt_4,1.0471975511965976,2006,,0.9033333333333333,0.83,0.8300000000000001,0.5,,,
faithfulness-tilt,latitude_bands,raw,FFNN(raw),,,,,33,300,tilt_4,1.0471975511965976,2007,,0.86,0.84,0.8400000000000001,0.5,,,
faithfulness-tilt,latitude_bands,raw,FFNN(raw),,,,,33,300,tilt_4,1.0471975511965976,2008,,0.8533333333333334,0.83,0.8300000000000001,0.5,,,
faithfulness-tilt,latitude_bands,raw,FFNN(raw),,,,,33,300,tilt_4,1.0471975511965976,2009,,0.89,0.83,0.83,0.5,,,
faithfulness-tilt,latitude_bands,bloch,VQC,,,,,12,300,tilt_5,1.308996938995747,2000,,0.91,0.83,0.8300000000000001,0.5,,,
faithfulness-tilt,latitude_bands,bloch,VQC,,,,,12,300,tilt_5,1.308996938995747,2001,,0.8566666666666667,0.86,0.86,0.5,,,
faithfulness-tilt,latitude_bands,bloch,VQC,,,,,12,300,tilt_5,1.308996938995747,2002,,0.89,0.86,0.86,0.5,,,
faithfulness-tilt,latitude_bands,bloch,VQC,,,,,12,300,tilt_5,1.308996938995747,2003,,0.91,0.86,0.86,0.5,,,
faithfulness-tilt,latitude_bands,bloch,VQC,,,,,12,300,tilt_5,1.308996938995747,2004,,0.92,0.87,0.87,0.5,,,
faithfulness-tilt,latitude_bands,bloch,VQC,,,,,12,300,tilt_5,1.308996938995747,2005,,0.9,0.89,0.89,0.5,,,
faithfulness-tilt,latitude_bands,bloch,VQC,,,,,12,300,tilt_5,1.308996938995747,2006,,0.9066666666666666,0.81,0.81,0.5,,,
faithfulness-tilt,latitude_bands,bloch,VQC,,,,,12,300,tilt_5,1.308996938995747,2007,,0.8966666666666666,0.81,0.81,0.5,,,
faithfulness-tilt,latitude_bands,bloch,VQC,,,,,12,300,tilt_5,1.308996938995747,2008,,0.8833333333333333,0.87,0.87,0.5,,,
faithfulness-tilt,latitude_bands,bloch,VQC,,,,,12,300,tilt_5,1.308996938995747,2009,,0.9033333333333333,0.84,0.84,0.5,,,
faithfulness-tilt,latitude_bands,cartesian,FFNN(cartesian),,,,,41,300,tilt_5,1.308996938995747,2000,,0.9233333333333333,0.85,0.85,0.5,,,
faithfulness-tilt,latitude_bands,cartesian,FFNN(cartesian),,,,,41,300,tilt_5,1.308996938995747,2001,,0.87,0.85,0.85,0.5,,,
faithfulness-tilt,latitude_bands,cartesian,FFNN(cartesian),,,,,41,300,tilt_5,1.308996938995747,2002,,0.9066666666666666,0.88,0.8799999999999999,0.5,,,
faithfulness-tilt,latitude_bands,cartesian,FFNN(cartesian),,,,,41,300,tilt_5,1.308996938995747,2003,,0.91,0.86,0.86,0.5,,,
faithfulness-tilt,latitude_bands,cartesian,FFNN(cartesian),,,,,41,300,tilt_5,1.308996938995747,2004,,0.9266666666666666,0.88,0.88,0.5,,,
faithfulness-tilt,latitude_bands,cartesian,FFNN(cartesian),,,,,41,300,tilt_5,1.308996938995747,2005,,0.9066666666666666,0.9,0.9,0.5,,,
faithfulness-tilt,latitude_bands,cartesian,FFNN(cartesian),,,,,41,300,tilt_5,1.308996938995747,2006,,0.91,0.86,0.8600000000000001,0.5,,,
faithfulness-tilt,latitude_bands,cartesian,FFNN(cartesian),,,,,41,300,tilt_5,1.308996938995747,2007,,0.8933333333333333,0.8,0.8,0.5,,,
faithfulness-tilt,latitude_bands,cartesian,FFNN(cartesian),,,,,41,300,tilt_5,1.308996938995747,2008,,0.8966666666666666,0.88,0.88,0.5,,,
faithfulness-tilt,latitude_bands,cartesian,FFNN(cartesian),,,,,41,300,tilt_5,1.308996938995747,2009,,0.9,0.83,0.83,0.5,,,
faithfulness-tilt,latitude_bands,sincos,FFNN(sincos),,,,,49,300,tilt_5,1.308996938995747,2000,,0.9266666666666666,0.85,0.85,0.5,,,
faithfulness-tilt,latitude_bands,sincos,FFNN(sincos),,,,,49,300,tilt_5,1.308996938995747,2001,,0.8833333333333333,0.88,0.88,0.5,,,
faithfulness-tilt,latitude_bands,sincos,FFNN(sincos),,,,,49,300,tilt_5,1.308996938995747,2002,,0.9266666666666666,0.9,0.8999999999999999,0.5,,,
faithfulness-tilt,latitude_bands,sincos,FFNN(sincos),,,,,49,300,tilt_5,1.308996938995747,2003,,0.9033333333333333,0.85,0.85,0.5,,,
faithfulness-tilt,latitude_bands,sincos,FFNN(sincos),,,,,49,300,tilt_5,1.308996938995747,2004,,0.9066666666666666,0.87,0.87,0.5,,,
faithfulness-tilt,latitude_bands,sincos,FFNN(sincos),,,,,49,300,tilt_5,1.308996938995747,2005,,0.8933333333333333,0.89,0.89,0.5,,,
faithfulness-tilt,latitude_bands,sincos,FFNN(sincos),,,,,49,300,tilt_5,1.308996938995747,2006,,0.9133333333333333,0.85,0.8500000000000001,0.5,,,
faithfulness-tilt,latitude_bands,sincos,FFNN(sincos),,,,,49,300,tilt_5,1.308996938995747,2007,,0.8866666666666667,0.82,0.8200000000000001,0.5,,,
faithfulness-tilt,latitude_bands,sincos,FFNN(sincos),,,,,49,300,tilt_5,1.308996938995747,2008,,0.9066666666666666,0.9,0.8999999999999999,0.5,,,
faithfulness-tilt,latitude_bands,sincos,FFNN(sincos),,,,,49,300,tilt_5,1.308996938995747,2009,,0.9166666666666666,0.81,0.81,0.5,,,
faithfulness-tilt,latitude_bands,raw,FFNN(raw),,,,,33,300,tilt_5,1.308996938995747,2000,,0.8266666666666667,0.81,0.81,0.5,,,
faithfulness-tilt,latitude_bands,raw,FFNN(raw),,,,,33,300,tilt_5,1.308996938995747,2001,,0.8233333333333334,0.85,0.8500000000000001,0.5,,,
faithfulness-tilt,latitude_bands,raw,FFNN(raw),,,,,33,300,tilt_5,1.308996938995747,2002,,0.91,0.89,0.8899999999999999,0.5,,,
faithfulness-tilt,latitude_bands,raw,FFNN(raw),,,,,33,300,tilt_5,1.308996938995747,2003,,0.8866666666666667,0.83,0.83,0.5,,,
faithfulness-tilt,latitude_bands,raw,FFNN(raw),,,,,33,300,tilt_5,1.308996938995747,2004,,0.91,0.87,0.87,0.5,,,
faithfulness-tilt,latitude_bands,raw,FFNN(raw),,,,,33,300,tilt_5,1.308996938995747,2005,,0.8833333333333333,0.88,0.88,0.5,,,
faithfulness-tilt,latitude_bands,raw,FFNN(raw),,,,,33,300,tilt_5,1.308996938995747,2006,,0.8933333333333333,0.85,0.85,0.5,,,
faithfulness-tilt,latitude_bands,raw,FFNN(raw),,,,,33,300,tilt_5,1.308996938995747,2007,,0.88,0.84,0.8400000000000001,0.5,,,
faithfulness-tilt,latitude_bands,raw,FFNN(raw),,,,,33,300,tilt_5,1.308996938995747,2008,,0.87,0.85,0.8500000000000001,0.5,,,
faithfulness-tilt,latitude_bands,raw,FFNN(raw),,,,,33,300,tilt_5,1.308996938995747,2009,,0.8933333333333333,0.82,0.8200000000000001,0.5,,,
faithfulness-tilt,latitude_bands,bloch,VQC,,,,,12,300,tilt_6,1.5707963267948966,2000,,0.91,0.83,0.8300000000000001,0.5,,,
faithfulness-tilt,latitude_bands,bloch,VQC,,,,,12,300,tilt_6,1.5707963267948966,2001,,0.8566666666666667,0.86,0.86,0.5,,,
faithfulness-tilt,latitude_bands,bloch,VQC,,,,,12,300,tilt_6,1.5707963267948966,2002,,0.89,0.86,0.86,0.5,,,
faithfulness-tilt,latitude_bands,bloch,VQC,,,,,12,300,tilt_6,1.5707963267948966,2003,,0.91,0.86,0.86,0.5,,,
faithfulness-tilt,latitude_bands,bloch,VQC,,,,,12,300,tilt_6,1.5707963267948966,2004,,0.92,0.87,0.87,0.5,,,
faithfulness-tilt,latitude_bands,bloch,VQC,,,,,12,300,tilt_6,1.5707963267948966,2005,,0.9,0.89,0.89,0.5,,,
faithfulness-tilt,latitude_bands,bloch,VQC,,,,,12,300,tilt_6,1.5707963267948966,2006,,0.9066666666666666,0.81,0.81,0.5,,,
faithfulness-tilt,latitude_bands,bloch,VQC,,,,,12,300,tilt_6,1.5707963267948966,2007,,0.8966666666666666,0.81,0.81,0.5,,,
faithfulness-tilt,latitude_bands,bloch,VQC,,,,,12,300,tilt_6,1.5707963267948966,2008,,0.8833333333333333,0.87,0.87,0.5,,,
faithfulness-tilt,latitude_bands,bloch,VQC,,,,,12,300,tilt_6,1.5707963267948966,2009,,0.9033333333333333,0.84,0.84,0.5,,,
faithfulness-tilt,latitude_bands,cartesian,FFNN(cartesian),,,,,41,300,tilt_6,1.5707963267948966,2000,,0.9233333333333333,0.85,0.85,0.5,,,
faithfulness-tilt,latitude_bands,cartesian,FFNN(cartesian),,,,,41,300,tilt_6,1.5707963267948966,2001,,0.8766666666666667,0.87,0.87,0.5,,,
faithfulness-tilt,latitude_bands,cartesian,FFNN(cartesian),,,,,41,300,tilt_6,1.5707963267948966,2002,,0.8933333333333333,0.89,0.89,0.5,,,
faithfulness-tilt,latitude_bands,cartesian,FFNN(cartesian),,,,,41,300,tilt_6,1.5707963267948966,2003,,0.91,0.86,0.86,0.5,,,
faithfulness-tilt,latitude_bands,cartesian,FFNN(cartesian),,,,,41,300,tilt_6,1.5707963267948966,2004,,0.9233333333333333,0.88,0.88,0.5,,,
faithfulness-tilt,latitude_bands,cartesian,FFNN(cartesian),,,,,41,300,tilt_6,1.5707963267948966,2005,,0.9066666666666666,0.88,0.88,0.5,,,
faithfulness-tilt,latitude_bands,cartesian,FFNN(cartesian),,,,,41,300,tilt_6,1.5707963267948966,2006,,0.9133333333333333,0.86,0.8600000000000001,0.5,,,
faithfulness-tilt,latitude_bands,cartesian,FFNN(cartesian),,,,,41,300,tilt_6,1.5707963267948966,2007,,0.8933333333333333,0.8,0.8,0.5,,,
faithfulness-tilt,latitude_bands,cartesian,FFNN(cartesian),,,,,41,300,tilt_6,1.5707963267948966,2008,,0.8966666666666666,0.89,0.8899999999999999,0.5,,,
faithfulness-tilt,latitude_bands,cartesian,FFNN(cartesian),,,,,41,300,tilt_6,1.5707963267948966,2009,,0.9,0.83,0.83,0.5,,,
faithfulness-tilt,latitude_bands,sincos,FFNN(sincos),,,,,49,300,tilt_6,1.5707963267948966,2000,,0.9233333333333333,0.85,0.85,0.5,,,
faithfulness-tilt,latitude_bands,sincos,FFNN(sincos),,,,,49,300,tilt_6,1.5707963267948966,2001,,0.8866666666666667,0.89,0.89,0.5,,,
faithfulness-tilt,latitude_bands,sincos,FFNN(sincos),,,,,49,300,tilt_6,1.5707963267948966,2002,,0.91,0.89,0.8899999999999999,0.5,,,
faithfulness-tilt,latitude_bands,sincos,FFNN(sincos),,,,,49,300,tilt_6,1.5707963267948966,2003,,0.9066666666666666,0.85,0.85,0.5,,,
faithfulness-tilt,latitude_bands,sincos,FFNN(sincos),,,,,49,300,tilt_6,1.5707963267948966,2004,,0.9233333333333333,0.88,0.88,0.5,,,
faithfulness-tilt,latitude_bands,sincos,FFNN(sincos),,,,,49,300,tilt_6,1.5707963267948966,2005,,0.91,0.89,0.89,0.5,,,
faithfulness-tilt,latitude_bands,sincos,FFNN(sincos),,,,,49,300,tilt_6,1.5707963267948966,2006,,0.93,0.87,0.87,0.5,,,
faithfulness-tilt,latitude_bands,sincos,FFNN(sincos),,,,,49,300,tilt_6,1.5707963267948966,2007,,0.8966666666666666,0.8,0.8,0.5,,,
faithfulness-tilt,latitude_bands,sincos,FFNN(sincos),,,,,49,300,tilt_6,1.5707963267948966,2008,,0.9033333333333333,0.87,0.87,0.5,,,
faithfulness-tilt,latitude_bands,sincos,FFNN(sincos),,,,,49,300,tilt_6,1.5707963267948966,2009,,0.9166666666666666,0.81,0.81,0.5,,,
faithfulness-tilt,latitude_bands,raw,FFNN(raw),,,,,33,300,tilt_6,1.5707963267948966,2000,,0.9,0.82,0.8200000000000001,0.5,,,
faithfulness-tilt,latitude_bands,raw,FFNN(raw),,,,,33,300,tilt_6,1.5707963267948966,2001,,0.86,0.89,0.8899999999999999,0.5,,,
faithfulness-tilt,latitude_bands,raw,FFNN(raw),,,,,33,300,tilt_6,1.5707963267948966,2002,,0.9,0.87,0.87,0.5,,,
faithfulness-tilt,latitude_bands,raw,FFNN(raw),,,,,33,300,tilt_6,1.5707963267948966,2003,,0.8933333333333333,0.84,0.84,0.5,,,
faithfulness-tilt,latitude_bands,raw,FFNN(raw),,,,,33,300,tilt_6,1.5707963267948966,2004,,0.92,0.88,0.88,0.5,,,
faithfulness-tilt,latitude_bands,raw,FFNN(raw),,,,,33,300,tilt_6,1.5707963267948966,2005,,0.8966666666666666,0.91,0.91,0.5,,,
faithfulness-tilt,latitude_bands,raw,FFNN(raw),,,,,33,300,tilt_6,1.5707963267948966,2006,,0.9033333333333333,0.8,0.8,0.5,,,
faithfulness-tilt,latitude_bands,raw,FFNN(raw),,,,,33,300,tilt_6,1.5707963267948966,2007,,0.89,0.81,0.81,0.5,,,
faithfulness-tilt,latitude_bands,raw,FFNN(raw),,,,,33,300,tilt_6,1.5707963267948966,2008,,0.8866666666666667,0.84,0.8400000000000001,0.5,,,
faithfulness-tilt,latitude_bands,raw,FFNN(raw),,,,,33,300,tilt_6,1.5707963267948966,2009,,0.9066666666666666,0.86,0.86,0.5,,,
faithfulness-polar,latitude_bands,bloch,VQC,,,,,12,300,polar_0,0.0,2000,,0.91,0.83,0.8300000000000001,0.5,,,
faithfulness-polar,latitude_bands,bloch,VQC,,,,,12,300,polar_0,0.0,2001,,0.8566666666666667,0.86,0.86,0.5,,,
faithfulness-polar,latitude_bands,bloch,VQC,,,,,12,300,polar_0,0.0,2002,,0.89,0.86,0.86,0.5,,,
faithfulness-polar,latitude_bands,bloch,VQC,,,,,12,300,polar_0,0.0,2003,,0.91,0.86,0.86,0.5,,,
faithfulness-polar,latitude_bands,bloch,VQC,,,,,12,300,polar_0,0.0,2004,,0.92,0.87,0.87,0.5,,,
faithfulness-polar,latitude_bands,bloch,VQC,,,,,12,300,polar_0,0.0,2005,,0.88,0.89,0.89,0.5,,,
faithfulness-polar,latitude_bands,bloch,VQC,,,,,12,300,polar_0,0.0,2006,,0.9066666666666666,0.81,0.81,0.5,,,
faithfulness-polar,latitude_bands,bloch,VQC,,,,,12,300,polar_0,0.0,2007,,0.8966666666666666,0.81,0.81,0.5,,,
faithfulness-polar,latitude_bands,bloch,VQC,,,,,12,300,polar_0,0.0,2008,,0.8833333333333333,0.87,0.87,0.5,,,
faithfulness-polar,latitude_bands,bloch,VQC,,,,,12,300,polar_0,0.0,2009,,0.9033333333333333,0.84,0.84,0.5,,,
faithfulness-polar,latitude_bands,cartesian,FFNN(cartesian),,,,,41,300,polar_0,0.0,2000,,0.91,0.83,0.83,0.5,,,
faithfulness-polar,latitude_bands,cartesian,FFNN(cartesian),,,,,41,300,polar_0,0.0,2001,,0.8733333333333333,0.87,0.87,0.5,,,
faithfulness-polar,latitude_bands,cartesian,FFNN(cartesian),,,,,41,300,polar_0,0.0,2002,,0.9033333333333333,0.87,0.87,0.5,,,
faithfulness-polar,latitude_bands,cartesian,FFNN(cartesian),,,,,41,300,polar_0,0.0,2003,,0.9066666666666666,0.86,0.86,0.5,,,
faithfulness-polar,latitude_bands,cartesian,FFNN(cartesian),,,,,41,300,polar_0,0.0,2004,,0.9266666666666666,0.88,0.88,0.5,,,
faithfulness-polar,latitude_bands,cartesian,FFNN(cartesian),,,,,41,300,polar_0,0.0,2005,,0.9033333333333333,0.9,0.9,0.5,,,
faithfulness-polar,latitude_bands,cartesian,FFNN(cartesian),,,,,41,300,polar_0,0.0,2006,,0.9066666666666666,0.86,0.86,0.5,,,
faithfulness-polar,latitude_bands,cartesian,FFNN(cartesian),,,,,41,300,polar_0,0.0,2007,,0.8966666666666666,0.81,0.81,0.5,,,
faithfulness-polar,latitude_bands,cartesian,FFNN(cartesian),,,,,41,300,polar_0,0.0,2008,,0.91,0.88,0.8799999999999999,0.5,,,
faithfulness-polar,latitude_bands,cartesian,FFNN(cartesian),,,,,41,300,polar_0,0.0,2009,,0.8933333333333333,0.85,0.85,0.5,,,
faithfulness-polar,latitude_bands,sincos,FFNN(sincos),,,,,49,300,polar_0,0.0,2000,,0.9166666666666666,0.84,0.84,0.5,,,
faithfulness-polar,latitude_bands,sincos,FFNN(sincos),,,,,49,300,polar_0,0.0,2001,,0.8733333333333333,0.87,0.87,0.5,,,
faithfulness-polar,latitude_bands,sincos,FFNN(sincos),,,,,49,300,polar_0,0.0,2002,,0.9066666666666666,0.87,0.87,0.5,,,
faithfulness-polar,latitude_bands,sincos,FFNN(sincos),,,,,49,300,polar_0,0.0,2003,,0.9033333333333333,0.83,0.83,0.5,,,
faithfulness-polar,latitude_bands,sincos,FFNN(sincos),,,,,49,300,polar_0,0.0,2004,,0.9266666666666666,0.87,0.87,0.5,,,
faithfulness-polar,latitude_bands,sincos,FFNN(sincos),,,,,49,300,polar_0,0.0,2005,,0.9066666666666666,0.9,0.9,0.5,,,
faithfulness-polar,latitude_bands,sincos,FFNN(sincos),,,,,49,300,polar_0,0.0,2006,,0.9066666666666666,0.85,0.8500000000000001,0.5,,,
faithfulness-polar,latitude_bands,sincos,FFNN(sincos),,,,,49,300,polar_0,0.0,2007,,0.8866666666666667,0.82,0.8200000000000001,0.5,,,
faithfulness-polar,latitude_bands,sincos,FFNN(sincos),,,,,49,300,polar_0,0.0,2008,,0.8966666666666666,0.88,0.8799999999999999,0.5,,,
faithfulness-polar,latitude_bands,sincos,FFNN(sincos),,,,,49,300,polar_0,0.0,2009,,0.8933333333333333,0.87,0.87,0.5,,,
faithfulness-polar,latitude_bands,raw,FFNN(raw),,,,,33,300,polar_0,0.0,2000,,0.9166666666666666,0.84,0.84,0.5,,,
faithfulness-polar,latitude_bands,raw,FFNN(raw),,,,,33,300,polar_0,0.0,2001,,0.8766666666666667,0.86,0.86,0.5,,,
faithfulness-polar,latitude_bands,raw,FFNN(raw),,,,,33,300,polar_0,0.0,2002,,0.9066666666666666,0.9,0.9,0.5,,,
faithfulness-polar,latitude_bands,raw,FFNN(raw),,,,,33,300,polar_0,0.0,2003,,0.9133333333333333,0.85,0.85,0.5,,,
faithfulness-polar,latitude_bands,raw,FFNN(raw),,,,,33,300,polar_0,0.0,2004,,0.9233333333333333,0.86,0.86,0.5,,,
faithfulness-polar,latitude_bands,raw,FFNN(raw),,,,,33,300,polar_0,0.0,2005,,0.89,0.89,0.89,0.5,,,
faithfulness-polar,latitude_bands,raw,FFNN(raw),,,,,33,300,polar_0,0.0,2006,,0.91,0.82,0.8200000000000001,0.5,,,
faithfulness-polar,latitude_bands,raw,FFNN(raw),,,,,33,300,polar_0,0.0,2007,,0.89,0.81,0.81,0.5,,,
faithfulness-polar,latitude_bands,raw,FFNN(raw),,,,,33,300,polar_0,0.0,2008,,0.9033333333333333,0.89,0.8899999999999999,0.5,,,
faithfulness-polar,latitude_bands,raw,FFNN(raw),,,,,33,300,polar_0,0.0,2009,,0.8933333333333333,0.85,0.85,0.5,,,
faithfulness-polar,latitude_bands,bloch,VQC,,,,,12,300,polar_1,0.2617993877991494,2000,,0.91,0.83,0.8300000000000001,0.5,,,
faithfulness-polar,latitude_bands,bloch,VQC,,,,,12,300,polar_1,0.2617993877991494,2001,,0.8566666666666667,0.86,0.86,0.5,,,
faithfulness-polar,latitude_bands,bloch,VQC,,,,,12,300,polar_1,0.2617993877991494,2002,,0.89,0.86,0.86,0.5,,,
faithfulness-polar,latitude_bands,bloch,VQC,,,,,12,300,polar_1,0.2617993877991494,2003,,0.91,0.86,0.86,0.5,,,
faithfulness-polar,latitude_bands,bloch,VQC,,,,,12,300,polar_1,0.2617993877991494,2004,,0.92,0.87,0.87,0.5,,,
faithfulness-polar,latitude_bands,bloch,VQC,,,,,12,300,polar_1,0.2617993877991494,2005,,0.9,0.89,0.89,0.5,,,
faithfulness-polar,latitude_bands,bloch,VQC,,,,,12,300,polar_1,0.2617993877991494,2006,,0.9066666666666666,0.81,0.81,0.5,,,
faithfulness-polar,latitude_bands,bloch,VQC,,,,,12,300,polar_1,0.2617993877991494,2007,,0.8966666666666666,0.81,0.81,0.5,,,
faithfulness-polar,latitude_bands,bloch,VQC,,,,,12,300,polar_1,0.2617993877991494,2008,,0.8833333333333333,0.87,0.87,0.5,,,
faithfulness-polar,latitude_bands,bloch,VQC,,,,,12,300,polar_1,0.2617993877991494,2009,,0.9033333333333333,0.84,0.84,0.5,,,
faithfulness-polar,latitude_bands,cartesian,FFNN(cartesian),,,,,41,300,polar_1,0.2617993877991494,2000,,0.91,0.84,0.84,0.5,,,
faithfulness-polar,latitude_bands,cartesian,FFNN(cartesian),,,,,41,300,polar_1,0.2617993877991494,2001,,0.8666666666666667,0.87,0.87,0.5,,,
faithfulness-polar,latitude_bands,cartesian,FFNN(cartesian),,,,,41,300,polar_1,0.2617993877991494,2002,,0.9033333333333333,0.87,0.87,0.5,,,
faithfulness-polar,latitude_bands,cartesian,FFNN(cartesian),,,,,41,300,polar_1,0.2617993877991494,2003,,0.91,0.86,0.86,0.5,,,
faithfulness-polar,latitude_bands,cartesian,FFNN(cartesian),,,,,41,300,polar_1,0.2617993877991494,2004,,0.9266666666666666,0.88,0.88,0.5,,,
faithfulness-polar,latitude_bands,cartesian,FFNN(cartesian),,,,,41,300,polar_1,0.2617993877991494,2005,,0.9033333333333333,0.9,0.9,0.5,,,
faithfulness-polar,latitude_bands,cartesian,FFNN(cartesian),,,,,41,300,polar_1,0.2617993877991494,2006,,0.9066666666666666,0.86,0.86,0.5,,,
faithfulness-polar,latitude_bands,cartesian,FFNN(cartesian),,,,,41,300,polar_1,0.2617993877991494,2007,,0.8966666666666666,0.81,0.81,0.5,,,
faithfulness-polar,latitude_bands,cartesian,FFNN(cartesian),,,,,41,300,polar_1,0.2617993877991494,2008,,0.9133333333333333,0.88,0.8799999999999999,0.5,,,
faithfulness-polar,latitude_bands,cartesian,FFNN(cartesian),,,,,41,300,polar_1,0.2617993877991494,2009,,0.8966666666666666,0.84,0.84,0.5,,,
faithfulness-polar,latitude_bands,sincos,FFNN(sincos),,,,,49,300,polar_1,0.2617993877991494,2000,,0.9133333333333333,0.83,0.83,0.5,,,
faithfulness-polar,latitude_bands,sincos,FFNN(sincos),,,,,49,300,polar_1,0.2617993877991494,2001,,0.8766666666666667,0.86,0.86,0.5,,,
faithfulness-polar,latitude_bands,sincos,FFNN(sincos),,,,,49,300,polar_1,0.2617993877991494,2002,,0.9066666666666666,0.87,0.87,0.5,,,
faithfulness-polar,latitude_bands,sincos,FFNN(sincos),,,,,49,300,polar_1,0.2617993877991494,2003,,0.9133333333333333,0.83,0.83,0.5,,,
faithfulness-polar,latitude_bands,sincos,FFNN(sincos),,,,,49,300,polar_1,0.2617993877991494,2004,,0.9266666666666666,0.87,0.87,0.5,,,
faithfulness-polar,latitude_bands,sincos,FFNN(sincos),,,,,49,300,polar_1,0.2617993877991494,2005,,0.9,0.9,0.9,0.5,,,
faithfulness-polar,latitude_bands,sincos,FFNN(sincos),,,,,49,300,polar_1,0.2617993877991494,2006,,0.91,0.85,0.8500000000000001,0.5,,,
faithfulness-polar,latitude_bands,sincos,FFNN(sincos),,,,,49,300,polar_1,0.2617993877991494,2007,,0.89,0.81,0.81,0.5,,,
faithfulness-polar,latitude_bands,sincos,FFNN(sincos),,,,,49,300,polar_1,0.2617993877991494,2008,,0.9066666666666666,0.88,0.8799999999999999,0.5,,,
faithfulness-polar,latitude_bands,sincos,FFNN(sincos),,,,,49,300,polar_1,0.2617993877991494,2009,,0.8966666666666666,0.85,0.85,0.5,,,
faithfulness-polar,latitude_bands,raw,FFNN(raw),,,,,33,300,polar_1,0.2617993877991494,2000,,0.8733333333333333,0.78,0.78,0.5,,,
faithfulness-polar,latitude_bands,raw,FFNN(raw),,,,,33,300,polar_1,0.2617993877991494,2001,,0.8666666666666667,0.88,0.88,0.5,,,
faithfulness-polar,latitude_bands,raw,FFNN(raw),,,,,33,300,polar_1,0.2617993877991494,2002,,0.9,0.87,0.87,0.5,,,
faithfulness-polar,latitude_bands,raw,FFNN(raw),,,,,33,300,polar_1,0.2617993877991494,2003,,0.82,0.78,0.78,0.5,,,
faithfulness-polar,latitude_bands,raw,FFNN(raw),,,,,33,300,polar_1,0.2617993877991494,2004,,0.9233333333333333,0.88,0.88,0.5,,,
faithfulness-polar,latitude_bands,raw,FFNN(raw),,,,,33,300,polar_1,0.2617993877991494,2005,,0.8866666666666667,0.88,0.88,0.5,,,
faithfulness-polar,latitude_bands,raw,FFNN(raw),,,,,33,300,polar_1,0.2617993877991494,2006,,0.9033333333333333,0.84,0.8400000000000001,0.5,,,
faithfulness-polar,latitude_bands,raw,FFNN(raw),,,,,33,300,polar_1,0.2617993877991494,2007,,0.89,0.8,0.8,0.5,,,
faithfulness-polar,latitude_bands,raw,FFNN(raw),,,,,33,300,polar_1,0.2617993877991494,2008,,0.8933333333333333,0.84,0.8400000000000001,0.5,,,
faithfulness-polar,latitude_bands,raw,FFNN(raw),,,,,33,300,polar_1,0.2617993877991494,2009,,0.9066666666666666,0.84,0.8400000000000001,0.5,,,
faithfulness-polar,latitude_bands,bloch,VQC,,,,,12,300,polar_2,0.5235987755982988,2000,,0.91,0.83,0.8300000000000001,0.5,,,
faithfulness-polar,latitude_bands,bloch,VQC,,,,,12,300,polar_2,0.5235987755982988,2001,,0.8566666666666667,0.86,0.86,0.5,,,
faithfulness-polar,latitude_bands,bloch,VQC,,,,,12,300,polar_2,0.5235987755982988,2002,,0.89,0.86,0.86,0.5,,,
faithfulness-polar,latitude_bands,bloch,VQC,,,,,12,300,polar_2,0.5235987755982988,2003,,0.91,0.86,0.86,0.5,,,
faithfulness-polar,latitude_bands,bloch,VQC,,,,,12,300,polar_2,0.5235987755982988,2004,,0.92,0.87,0.87,0.5,,,
faithfulness-polar,latitude_bands,bloch,VQC,,,,,12,300,polar_2,0.5235987755982988,2005,,0.9,0.89,0.89,0.5,,,
faithfulness-polar,latitude_bands,bloch,VQC,,,,,12,300,polar_2,0.5235987755982988,2006,,0.9066666666666666,0.81,0.81,0.5,,,
faithfulness-polar,latitude_bands,bloch,VQC,,,,,12,300,polar_2,0.5235987755982988,2007,,0.8966666666666666,0.81,0.81,0.5,,,
faithfulness-polar,latitude_bands,bloch,VQC,,,,,12,300,polar_2,0.5235987755982988,2008,,0.8833333333333333,0.87,0.87,0.5,,,
faithfulness-polar,latitude_bands,bloch,VQC,,,,,12,300,polar_2,0.5235987755982988,2009,,0.9033333333333333,0.84,0.84,0.5,,,
faithfulness-polar,latitude_bands,cartesian,FFNN(cartesian),,,,,41,300,polar_2,0.5235987755982988,2000,,0.9166666666666666,0.83,0.83,0.5,,,
faithfulness-polar,latitude_bands,cartesian,FFNN(cartesian),,,,,41,300,polar_2,0.5235987755982988,2001,,0.87,0.88,0.88,0.5,,,
faithfulness-polar,latitude_bands,cartesian,FFNN(cartesian),,,,,41,300,polar_2,0.5235987755982988,2002,,0.9033333333333333,0.87,0.87,0.5,,,
faithfulness-polar,latitude_bands,cartesian,FFNN(cartesian),,,,,41,300,polar_2,0.5235987755982988,2003,,0.9066666666666666,0.86,0.86,0.5,,,
faithfulness-polar,latitude_bands,cartesian,FFNN(cartesian),,,,,41,300,polar_2,0.5235987755982988,2004,,0.9266666666666666,0.88,0.88,0.5,,,
faithfulness-polar,latitude_bands,cartesian,FFNN(cartesian),,,,,41,300,polar_2,0.5235987755982988,2005,,0.9033333333333333,0.9,0.9,0.5,,,
faithfulness-polar,latitude_bands,cartesian,FFNN(cartesian),,,,,41,300,polar_2,0.5235987755982988,2006,,0.91,0.86,0.8600000000000001,0.5,,,
faithfulness-polar,latitude_bands,cartesian,FFNN(cartesian),,,,,41,300,polar_2,0.5235987755982988,2007,,0.8966666666666666,0.81,0.81,0.5,,,
faithfulness-polar,latitude_bands,cartesian,FFNN(cartesian),,,,,41,300,polar_2,0.5235987755982988,2008,,0.9033333333333333,0.88,0.8799999999999999,0.5,,,
faithfulness-polar,latitude_bands,cartesian,FFNN(cartesian),,,,,41,300,polar_2,0.5235987755982988,2009,,0.9,0.81,0.81,0.5,,,
faithfulness-polar,latitude_bands,sincos,FFNN(sincos),,,,,49,300,polar_2,0.5235987755982988,2000,,0.9166666666666666,0.83,0.83,0.5,,,
faithfulness-polar,latitude_bands,sincos,FFNN(sincos),,,,,49,300,polar_2,0.5235987755982988,2001,,0.8766666666666667,0.86,0.86,0.5,,,
faithfulness-polar,latitude_bands,sincos,FFNN(sincos),,,,,49,300,polar_2,0.5235987755982988,2002,,0.9033333333333333,0.88,0.8799999999999999,0.5,,,
faithfulness-polar,latitude_bands,sincos,FFNN(sincos),,,,,49,300,polar_2,0.5235987755982988,2003,,0.91,0.85,0.85,0.5,,,
faithfulness-polar,latitude_bands,sincos,FFNN(sincos),,,,,49,300,polar_2,0.5235987755982988,2004,,0.9266666666666666,0.88,0.88,0.5,,,
faithfulness-polar,latitude_bands,sincos,FFNN(sincos),,,,,49,300,polar_2,0.5235987755982988,2005,,0.9033333333333333,0.9,0.9,0.5,,,
faithfulness-polar,latitude_bands,sincos,FFNN(sincos),,,,,49,300,polar_2,0.5235987755982988,2006,,0.9133333333333333,0.85,0.8500000000000001,0.5,,,
faithfulness-polar,latitude_bands,sincos,FFNN(sincos),,,,,49,300,polar_2,0.5235987755982988,2007,,0.9,0.8,0.8,0.5,,,
faithfulness-polar,latitude_bands,sincos,FFNN(sincos),,,,,49,300,polar_2,0.5235987755982988,2008,,0.9,0.87,0.87,0.5,,,
faithfulness-polar,latitude_bands,sincos,FFNN(sincos),,,,,49,300,polar_2,0.5235987755982988,2009,,0.9033333333333333,0.87,0.87,0.5,,,
faithfulness-polar,latitude_bands,raw,FFNN(raw),,,,,33,300,polar_2,0.5235987755982988,2000,,0.71,0.64,0.64,0.5,,,
faithfulness-polar,latitude_bands,raw,FFNN(raw),,,,,33,300,polar_2,0.5235987755982988,2001,,0.86,0.88,0.88,0.5,,,
faithfulness-polar,latitude_bands,raw,FFNN(raw),,,,,33,300,polar_2,0.5235987755982988,2002,,0.9066666666666666,0.88,0.8799999999999999,0.5,,,
faithfulness-polar,latitude_bands,raw,FFNN(raw),,,,,33,300,polar_2,0.5235987755982988,2003,,0.7066666666666667,0.67,0.6699999999999999,0.5,,,
faithfulness-polar,latitude_bands,raw,FFNN(raw),,,,,33,300,polar_2,0.5235987755982988,2004,,0.9233333333333333,0.89,0.89,0.5,,,
faithfulness-polar,latitude_bands,raw,FFNN(raw),,,,,33,300,polar_2,0.5235987755982988,2005,,0.89,0.88,0.88,0.5,,,
faithfulness-polar,latitude_bands,raw,FFNN(raw),,,,,33,300,polar_2,0.5235987755982988,2006,,0.9233333333333333,0.85,0.8500000000000001,0.5,,,
faithfulness-polar,latitude_bands,raw,FFNN(raw),,,,,33,300,polar_2,0.5235987755982988,2007,,0.8866666666666667,0.82,0.8200000000000001,0.5,,,
faithfulness-polar,latitude_bands,raw,FFNN(raw),,,,,33,300,polar_2,0.5235987755982988,2008,,0.89,0.84,0.8400000000000001,0.5,,,
faithfulness-polar,latitude_bands,raw,FFNN(raw),,,,,33,300,polar_2,0.5235987755982988,2009,,0.9033333333333333,0.81,0.81,0.5,,,
faithfulness-polar,latitude_bands,bloch,VQC,,,,,12,300,polar_3,0.7853981633974483,2000,,0.91,0.83,0.8300000000000001,0.5,,,
faithfulness-polar,latitude_bands,bloch,VQC,,,,,12,300,polar_3,0.7853981633974483,2001,,0.8566666666666667,0.86,0.86,0.5,,,
faithfulness-polar,latitude_bands,bloch,VQC,,,,,12,300,polar_3,0.7853981633974483,2002,,0.89,0.86,0.86,0.5,,,
faithfulness-polar,latitude_bands,bloch,VQC,,,,,12,300,polar_3,0.7853981633974483,2003,,0.91,0.86,0.86,0.5,,,
faithfulness-polar,latitude_bands,bloch,VQC,,,,,12,300,polar_3,0.7853981633974483,2004,,0.92,0.87,0.87,0.5,,,
faithfulness-polar,latitude_bands,bloch,VQC,,,,,12,300,polar_3,0.7853981633974483,2005,,0.9,0.89,0.89,0.5,,,
faithfulness-polar,latitude_bands,bloch,VQC,,,,,12,300,polar_3,0.7853981633974483,2006,,0.9066666666666666,0.81,0.81,0.5,,,
faithfulness-polar,latitude_bands,bloch,VQC,,,,,12,300,polar_3,0.7853981633974483,2007,,0.8966666666666666,0.81,0.81,0.5,,,
faithfulness-polar,latitude_bands,bloch,VQC,,,,,12,300,polar_3,0.7853981633974483,2008,,0.8833333333333333,0.87,0.87,0.5,,,
faithfulness-polar,latitude_bands,bloch,VQC,,,,,12,300,polar_3,0.7853981633974483,2009,,0.9033333333333333,0.84,0.84,0.5,,,
faithfulness-polar,latitude_bands,cartesian,FFNN(cartesian),,,,,41,300,polar_3,0.7853981633974483,2000,,0.9233333333333333,0.85,0.85,0.5,,,
faithfulness-polar,latitude_bands,cartesian,FFNN(cartesian),,,,,41,300,polar_3,0.7853981633974483,2001,,0.87,0.87,0.87,0.5,,,
faithfulness-polar,latitude_bands,cartesian,FFNN(cartesian),,,,,41,300,polar_3,0.7853981633974483,2002,,0.9033333333333333,0.88,0.8799999999999999,0.5,,,
faithfulness-polar,latitude_bands,cartesian,FFNN(cartesian),,,,,41,300,polar_3,0.7853981633974483,2003,,0.9066666666666666,0.86,0.86,0.5,,,
faithfulness-polar,latitude_bands,cartesian,FFNN(cartesian),,,,,41,300,polar_3,0.7853981633974483,2004,,0.9233333333333333,0.88,0.88,0.5,,,
faithfulness-polar,latitude_bands,cartesian,FFNN(cartesian),,,,,41,300,polar_3,0.7853981633974483,2005,,0.9033333333333333,0.9,0.9,0.5,,,
faithfulness-polar,latitude_bands,cartesian,FFNN(cartesian),,,,,41,300,polar_3,0.7853981633974483,2006,,0.9133333333333333,0.86,0.8600000000000001,0.5,,,
faithfulness-polar,latitude_bands,cartesian,FFNN(cartesian),,,,,41,300,polar_3,0.7853981633974483,2007,,0.8966666666666666,0.81,0.81,0.5,,,
faithfulness-polar,latitude_bands,cartesian,FFNN(cartesian),,,,,41,300,polar_3,0.7853981633974483,2008,,0.9066666666666666,0.88,0.8799999999999999,0.5,,,
faithfulness-polar,latitude_bands,cartesian,FFNN(cartesian),,,,,41,300,polar_3,0.7853981633974483,2009,,0.9,0.83,0.83,0.5,,,
faithfulness-polar,latitude_bands,sincos,FFNN(sincos),,,,,49,300,polar_3,0.7853981633974483,2000,,0.9233333333333333,0.84,0.84,0.5,,,
faithfulness-polar,latitude_bands,sincos,FFNN(sincos),,,,,49,300,polar_3,0.7853981633974483,2001,,0.8633333333333333,0.86,0.86,0.5,,,
faithfulness-polar,latitude_bands,sincos,FFNN(sincos),,,,,49,300,polar_3,0.7853981633974483,2002,,0.89,0.88,0.88,0.5,,,
faithfulness-polar,latitude_bands,sincos,FFNN(sincos),,,,,49,300,polar_3,0.7853981633974483,2003,,0.9166666666666666,0.86,0.86,0.5,,,
faithfulness-polar,latitude_bands,sincos,FFNN(sincos),,,,,49,300,polar_3,0.7853981633974483,2004,,0.9266666666666666,0.88,0.88,0.5,,,
faithfulness-polar,latitude_bands,sincos,FFNN(sincos),,,,,49,300,polar_3,0.7853981633974483,2005,,0.9066666666666666,0.91,0.91,0.5,,,
faithfulness-polar,latitude_bands,sincos,FFNN(sincos),,,,,49,300,polar_3,0.7853981633974483,2006,,0.92,0.85,0.8500000000000001,0.5,,,
faithfulness-polar,latitude_bands,sincos,FFNN(sincos),,,,,49,300,polar_3,0.7853981633974483,2007,,0.8766666666666667,0.83,0.8300000000000001,0.5,,,
faithfulness-polar,latitude_bands,sincos,FFNN(sincos),,,,,49,300,polar_3,0.7853981633974483,2008,,0.9,0.88,0.8799999999999999,0.5,,,
faithfulness-polar,latitude_bands,sincos,FFNN(sincos),,,,,49,300,polar_3,0.7853981633974483,2009,,0.9066666666666666,0.87,0.87,0.5,,,
faithfulness-polar,latitude_bands,raw,FFNN(raw),,,,,33,300,polar_3,0.7853981633974483,2000,,0.8833333333333333,0.83,0.8300000000000001,0.5,,,
faithfulness-polar,latitude_bands,raw,FFNN(raw),,,,,33,300,polar_3,0.7853981633974483,2001,,0.85,0.88,0.88,0.5,,,
faithfulness-polar,latitude_bands,raw,FFNN(raw),,,,,33,300,polar_3,0.7853981633974483,2002,,0.9033333333333333,0.88,0.8799999999999999,0.5,,,
faithfulness-polar,latitude_bands,raw,FFNN(raw),,,,,33,300,polar_3,0.7853981633974483,2003,,0.8966666666666666,0.85,0.85,0.5,,,
faithfulness-polar,latitude_bands,raw,FFNN(raw),,,,,33,300,polar_3,0.7853981633974483,2004,,0.9266666666666666,0.87,0.87,0.5,,,
faithfulness-polar,latitude_bands,raw,FFNN(raw),,,,,33,300,polar_3,0.7853981633974483,2005,,0.89,0.87,0.87,0.5,,,
faithfulness-polar,latitude_bands,raw,FFNN(raw),,,,,33,300,polar_3,0.7853981633974483,2006,,0.9166666666666666,0.84,0.84,0.5,,,
faithfulness-polar,latitude_bands,raw,FFNN(raw),,,,,33,300,polar_3,0.7853981633974483,2007,,0.8866666666666667,0.82,0.8200000000000001,0.5,,,
faithfulness-polar,latitude_bands,raw,FFNN(raw),,,,,33,300,polar_3,0.7853981633974483,2008,,0.8766666666666667,0.83,0.8300000000000001,0.5,,,
faithfulness-polar,latitude_bands,raw,FFNN(raw),,,,,33,300,polar_3,0.7853981633974483,2009,,0.8966666666666666,0.82,0.8200000000000001,0.5,,,
faithfulness-polar,latitude_bands,bloch,VQC,,,,,12,300,polar_4,1.0471975511965976,2000,,0.91,0.83,0.8300000000000001,0.5,,,
faithfulness-polar,latitude_bands,bloch,VQC,,,,,12,300,polar_4,1.0471975511965976,2001,,0.8566666666666667,0.86,0.86,0.5,,,
faithfulness-polar,latitude_bands,bloch,VQC,,,,,12,300,polar_4,1.0471975511965976,2002,,0.89,0.86,0.86,0.5,,,
faithfulness-polar,latitude_bands,bloch,VQC,,,,,12,300,polar_4,1.0471975511965976,2003,,0.91,0.86,0.86,0.5,,,
faithfulness-polar,latitude_bands,bloch,VQC,,,,,12,300,polar_4,1.0471975511965976,2004,,0.92,0.87,0.87,0.5,,,
faithfulness-polar,latitude_bands,bloch,VQC,,,,,12,300,polar_4,1.0471975511965976,2005,,0.9,0.89,0.89,0.5,,,
faithfulness-polar,latitude_bands,bloch,VQC,,,,,12,300,polar_4,1.0471975511965976,2006,,0.9066666666666666,0.81,0.81,0.5,,,
faithfulness-polar,latitude_bands,bloch,VQC,,,,,12,300,polar_4,1.0471975511965976,2007,,0.8966666666666666,0.81,0.81,0.5,,,
faithfulness-polar,latitude_bands,bloch,VQC,,,,,12,300,polar_4,1.0471975511965976,2008,,0.8833333333333333,0.87,0.87,0.5,,,
faithfulness-polar,latitude_bands,bloch,VQC,,,,,12,300,polar_4,1.0471975511965976,2009,,0.9033333333333333,0.84,0.84,0.5,,,
faithfulness-polar,latitude_bands,cartesian,FFNN(cartesian),,,,,41,300,polar_4,1.0471975511965976,2000,,0.9233333333333333,0.85,0.85,0.5,,,
faithfulness-polar,latitude_bands,cartesian,FFNN(cartesian),,,,,41,300,polar_4,1.0471975511965976,2001,,0.87,0.86,0.86,0.5,,,
faithfulness-polar,latitude_bands,cartesian,FFNN(cartesian),,,,,41,300,polar_4,1.0471975511965976,2002,,0.9066666666666666,0.87,0.87,0.5,,,
faithfulness-polar,latitude_bands,cartesian,FFNN(cartesian),,,,,41,300,polar_4,1.0471975511965976,2003,,0.9033333333333333,0.85,0.85,0.5,,,
faithfulness-polar,latitude_bands,cartesian,FFNN(cartesian),,,,,41,300,polar_4,1.0471975511965976,2004,,0.9266666666666666,0.88,0.88,0.5,,,
faithfulness-polar,latitude_bands,cartesian,FFNN(cartesian),,,,,41,300,polar_4,1.0471975511965976,2005,,0.9,0.91,0.91,0.5,,,
faithfulness-polar,latitude_bands,cartesian,FFNN(cartesian),,,,,41,300,polar_4,1.0471975511965976,2006,,0.9133333333333333,0.85,0.8500000000000001,0.5,,,
faithfulness-polar,latitude_bands,cartesian,FFNN(cartesian),,,,,41,300,polar_4,1.0471975511965976,2007,,0.8966666666666666,0.8,0.8,0.5,,,
faithfulness-polar,latitude_bands,cartesian,FFNN(cartesian),,,,,41,300,polar_4,1.0471975511965976,2008,,0.9033333333333333,0.88,0.88,0.5,,,
faithfulness-polar,latitude_bands,cartesian,FFNN(cartesian),,,,,41,300,polar_4,1.0471975511965976,2009,,0.9033333333333333,0.82,0.82,0.5,,,
faithfulness-polar,latitude_bands,sincos,FFNN(sincos),,,,,49,300,polar_4,1.0471975511965976,2000,,0.9333333333333333,0.85,0.85,0.5,,,
faithfulness-polar,latitude_bands,sincos,FFNN(sincos),,,,,49,300,polar_4,1.0471975511965976,2001,,0.8733333333333333,0.86,0.86,0.5,,,
faithfulness-polar,latitude_bands,sincos,FFNN(sincos),,,,,49,300,polar_4,1.0471975511965976,2002,,0.9233333333333333,0.89,0.8899999999999999,0.5,,,
faithfulness-polar,latitude_bands,sincos,FFNN(sincos),,,,,49,300,polar_4,1.0471975511965976,2003,,0.9166666666666666,0.86,0.86,0.5,,,
faithfulness-polar,latitude_bands,sincos,FFNN(sincos),,,,,49,300,polar_4,1.0471975511965976,2004,,0.92,0.88,0.88,0.5,,,
faithfulness-polar,latitude_bands,sincos,FFNN(sincos),,,,,49,300,polar_4,1.0471975511965976,2005,,0.91,0.88,0.88,0.5,,,
faithfulness-polar,latitude_bands,sincos,FFNN(sincos),,,,,49,300,polar_4,1.0471975511965976,2006,,0.9166666666666666,0.83,0.8300000000000001,0.5,,,
faithfulness-polar,latitude_bands,sincos,FFNN(sincos),,,,,49,300,polar_4,1.0471975511965976,2007,,0.8766666666666667,0.83,0.8300000000000001,0.5,,,
faithfulness-polar,latitude_bands,sincos,FFNN(sincos),,,,,49,300,polar_4,1.0471975511965976,2008,,0.91,0.88,0.8799999999999999,0.5,,,
faithfulness-polar,latitude_bands,sincos,FFNN(sincos),,,,,49,300,polar_4,1.0471975511965976,2009,,0.9033333333333333,0.85,0.85,0.5,,,
faithfulness-polar,latitude_bands,raw,FFNN(raw),,,,,33,300,polar_4,1.0471975511965976,2000,,0.8533333333333334,0.83,0.8300000000000001,0.5,,,
faithfulness-polar,latitude_bands,raw,FFNN(raw),,,,,33,300,polar_4,1.0471975511965976,2001,,0.84,0.87,0.87,0.5,,,
faithfulness-polar,latitude_bands,raw,FFNN(raw),,,,,33,300,polar_4,1.0471975511965976,2002,,0.86,0.83,0.8300000000000001,0.5,,,
faithfulness-polar,latitude_bands,raw,FFNN(raw),,,,,33,300,polar_4,1.0471975511965976,2003,,0.8866666666666667,0.83,0.83,0.5,,,
faithfulness-polar,latitude_bands,raw,FFNN(raw),,,,,33,300,polar_4,1.0471975511965976,2004,,0.9166666666666666,0.87,0.87,0.5,,,
faithfulness-polar,latitude_bands,raw,FFNN(raw),,,,,33,300,polar_4,1.0471975511965976,2005,,0.89,0.88,0.88,0.5,,,
faithfulness-polar,latitude_bands,raw,FFNN(raw),,,,,33,300,polar_4,1.0471975511965976,2006,,0.8933333333333333,0.83,0.83,0.5,,,
faithfulness-polar,latitude_bands,raw,FFNN(raw),,,,,33,300,polar_4,1.0471975511965976,2007,,0.8866666666666667,0.84,0.8400000000000001,0.5,,,
faithfulness-polar,latitude_bands,raw,FFNN(raw),,,,,33,300,polar_4,1.0471975511965976,2008,,0.87,0.82,0.8200000000000001,0.5,,,
faithfulness-polar,latitude_bands,raw,FFNN(raw),,,,,33,300,polar_4,1.0471975511965976,2009,,0.8866666666666667,0.81,0.81,0.5,,,
faithfulness-polar,latitude_bands,bloch,VQC,,,,,12,300,polar_5,1.308996938995747,2000,,0.91,0.83,0.8300000000000001,0.5,,,
faithfulness-polar,latitude_bands,bloch,VQC,,,,,12,300,polar_5,1.308996938995747,2001,,0.8566666666666667,0.86,0.86,0.5,,,
faithfulness-polar,latitude_bands,bloch,VQC,,,,,12,300,polar_5,1.308996938995747,2002,,0.89,0.86,0.86,0.5,,,
faithfulness-polar,latitude_bands,bloch,VQC,,,,,12,300,polar_5,1.308996938995747,2003,,0.91,0.86,0.86,0.5,,,
faithfulness-polar,latitude_bands,bloch,VQC,,,,,12,300,polar_5,1.308996938995747,2004,,0.92,0.87,0.87,0.5,,,
faithfulness-polar,latitude_bands,bloch,VQC,,,,,12,300,polar_5,1.308996938995747,2005,,0.9,0.89,0.89,0.5,,,
faithfulness-polar,latitude_bands,bloch,VQC,,,,,12,300,polar_5,1.308996938995747,2006,,0.9066666666666666,0.81,0.81,0.5,,,
faithfulness-polar,latitude_bands,bloch,VQC,,,,,12,300,polar_5,1.308996938995747,2007,,0.8966666666666666,0.81,0.81,0.5,,,
faithfulness-polar,latitude_bands,bloch,VQC,,,,,12,300,polar_5,1.308996938995747,2008,,0.8833333333333333,0.87,0.87,0.5,,,
faithfulness-polar,latitude_bands,bloch,VQC,,,,,12,300,polar_5,1.308996938995747,2009,,0.9033333333333333,0.84,0.84,0.5,,,
faithfulness-polar,latitude_bands,cartesian,FFNN(cartesian),,,,,41,300,polar_5,1.308996938995747,2000,,0.9233333333333333,0.85,0.85,0.5,,,
faithfulness-polar,latitude_bands,cartesian,FFNN(cartesian),,,,,41,300,polar_5,1.308996938995747,2001,,0.87,0.88,0.88,0.5,,,
faithfulness-polar,latitude_bands,cartesian,FFNN(cartesian),,,,,41,300,polar_5,1.308996938995747,2002,,0.9033333333333333,0.88,0.8799999999999999,0.5,,,
faithfulness-polar,latitude_bands,cartesian,FFNN(cartesian),,,,,41,300,polar_5,1.308996938995747,2003,,0.9066666666666666,0.85,0.85,0.5,,,
faithfulness-polar,latitude_bands,cartesian,FFNN(cartesian),,,,,41,300,polar_5,1.308996938995747,2004,,0.9266666666666666,0.88,0.88,0.5,,,
faithfulness-polar,latitude_bands,cartesian,FFNN(cartesian),,,,,41,300,polar_5,1.308996938995747,2005,,0.9033333333333333,0.91,0.91,0.5,,,
faithfulness-polar,latitude_bands,cartesian,FFNN(cartesian),,,,,41,300,polar_5,1.308996938995747,2006,,0.91,0.86,0.8600000000000001,0.5,,,
faithfulness-polar,latitude_bands,cartesian,FFNN(cartesian),,,,,41,300,polar_5,1.308996938995747,2007,,0.8933333333333333,0.81,0.81,0.5,,,
faithfulness-polar,latitude_bands,cartesian,FFNN(cartesian),,,,,41,300,polar_5,1.308996938995747,2008,,0.9033333333333333,0.87,0.87,0.5,,,
faithfulness-polar,latitude_bands,cartesian,FFNN(cartesian),,,,,41,300,polar_5,1.308996938995747,2009,,0.9033333333333333,0.82,0.8200000000000001,0.5,,,
faithfulness-polar,latitude_bands,sincos,FFNN(sincos),,,,,49,300,polar_5,1.308996938995747,2000,,0.9233333333333333,0.84,0.84,0.5,,,
faithfulness-polar,latitude_bands,sincos,FFNN(sincos),,,,,49,300,polar_5,1.308996938995747,2001,,0.8666666666666667,0.89,0.89,0.5,,,
faithfulness-polar,latitude_bands,sincos,FFNN(sincos),,,,,49,300,polar_5,1.308996938995747,2002,,0.92,0.89,0.8899999999999999,0.5,,,
faithfulness-polar,latitude_bands,sincos,FFNN(sincos),,,,,49,300,polar_5,1.308996938995747,2003,,0.9,0.84,0.8400000000000001,0.5,,,
faithfulness-polar,latitude_bands,sincos,FFNN(sincos),,,,,49,300,polar_5,1.308996938995747,2004,,0.9133333333333333,0.89,0.89,0.5,,,
faithfulness-polar,latitude_bands,sincos,FFNN(sincos),,,,,49,300,polar_5,1.308996938995747,2005,,0.9033333333333333,0.89,0.89,0.5,,,
faithfulness-polar,latitude_bands,sincos,FFNN(sincos),,,,,49,300,polar_5,1.308996938995747,2006,,0.92,0.84,0.8400000000000001,0.5,,,
faithfulness-polar,latitude_bands,sincos,FFNN(sincos),,,,,49,300,polar_5,1.308996938995747,2007,,0.8966666666666666,0.82,0.8200000000000001,0.5,,,
faithfulness-polar,latitude_bands,sincos,FFNN(sincos),,,,,49,300,polar_5,1.308996938995747,2008,,0.9133333333333333,0.88,0.88,0.5,,,
faithfulness-polar,latitude_bands,sincos,FFNN(sincos),,,,,49,300,polar_5,1.308996938995747,2009,,0.91,0.83,0.8300000000000001,0.5,,,
faithfulness-polar,latitude_bands,raw,FFNN(raw),,,,,33,300,polar_5,1.308996938995747,2000,,0.87,0.83,0.8300000000000001,0.5,,,
faithfulness-polar,latitude_bands,raw,FFNN(raw),,,,,33,300,polar_5,1.308996938995747,2001,,0.8366666666666667,0.85,0.8500000000000001,0.5,,,
faithfulness-polar,latitude_bands,raw,FFNN(raw),,,,,33,300,polar_5,1.308996938995747,2002,,0.8933333333333333,0.82,0.82,0.5,,,
faithfulness-polar,latitude_bands,raw,FFNN(raw),,,,,33,300,polar_5,1.308996938995747,2003,,0.8866666666666667,0.82,0.8200000000000001,0.5,,,
faithfulness-polar,latitude_bands,raw,FFNN(raw),,,,,33,300,polar_5,1.308996938995747,2004,,0.9166666666666666,0.88,0.88,0.5,,,
faithfulness-polar,latitude_bands,raw,FFNN(raw),,,,,33,300,polar_5,1.308996938995747,2005,,0.8766666666666667,0.87,0.87,0.5,,,
faithfulness-polar,latitude_bands,raw,FFNN(raw),,,,,33,300,polar_5,1.308996938995747,2006,,0.9166666666666666,0.84,0.84,0.5,,,
faithfulness-polar,latitude_bands,raw,FFNN(raw),,,,,33,300,polar_5,1.308996938995747,2007,,0.8833333333333333,0.84,0.8400000000000001,0.5,,,
faithfulness-polar,latitude_bands,raw,FFNN(raw),,,,,33,300,polar_5,1.308996938995747,2008,,0.8666666666666667,0.85,0.8500000000000001,0.5,,,
faithfulness-polar,latitude_bands,raw,FFNN(raw),,,,,33,300,polar_5,1.308996938995747,2009,,0.8966666666666666,0.83,0.83,0.5,,,
faithfulness-polar,latitude_bands,bloch,VQC,,,,,12,300,polar_6,1.5707963267948966,2000,,0.91,0.83,0.8300000000000001,0.5,,,
faithfulness-polar,latitude_bands,bloch,VQC,,,,,12,300,polar_6,1.5707963267948966,2001,,0.8566666666666667,0.86,0.86,0.5,,,
faithfulness-polar,latitude_bands,bloch,VQC,,,,,12,300,polar_6,1.5707963267948966,2002,,0.89,0.86,0.86,0.5,,,
faithfulness-polar,latitude_bands,bloch,VQC,,,,,12,300,polar_6,1.5707963267948966,2003,,0.91,0.86,0.86,0.5,,,
faithfulness-polar,latitude_bands,bloch,VQC,,,,,12,300,polar_6,1.5707963267948966,2004,,0.92,0.87,0.87,0.5,,,
faithfulness-polar,latitude_bands,bloch,VQC,,,,,12,300,polar_6,1.5707963267948966,2005,,0.9,0.89,0.89,0.5,,,
faithfulness-polar,latitude_bands,bloch,VQC,,,,,12,300,polar_6,1.5707963267948966,2006,,0.9066666666666666,0.81,0.81,0.5,,,
faithfulness-polar,latitude_bands,bloch,VQC,,,,,12,300,polar_6,1.5707963267948966,2007,,0.8966666666666666,0.81,0.81,0.5,,,
faithfulness-polar,latitude_bands,bloch,VQC,,,,,12,300,polar_6,1.5707963267948966,2008,,0.8833333333333333,0.87,0.87,0.5,,,
faithfulness-polar,latitude_bands,bloch,VQC,,,,,12,300,polar_6,1.5707963267948966,2009,,0.9033333333333333,0.84,0.84,0.5,,,
faithfulness-polar,latitude_bands,cartesian,FFNN(cartesian),,,,,41,300,polar_6,1.5707963267948966,2000,,0.9233333333333333,0.85,0.85,0.5,,,
faithfulness-polar,latitude_bands,cartesian,FFNN(cartesian),,,,,41,300,polar_6,1.5707963267948966,2001,,0.87,0.88,0.88,0.5,,,
faithfulness-polar,latitude_bands,cartesian,FFNN(cartesian),,,,,41,300,polar_6,1.5707963267948966,2002,,0.9033333333333333,0.87,0.87,0.5,,,
faithfulness-polar,latitude_bands,cartesian,FFNN(cartesian),,,,,41,300,polar_6,1.5707963267948966,2003,,0.9033333333333333,0.86,0.86,0.5,,,
faithfulness-polar,latitude_bands,cartesian,FFNN(cartesian),,,,,41,300,polar_6,1.5707963267948966,2004,,0.9233333333333333,0.88,0.88,0.5,,,
faithfulness-polar,latitude_bands,cartesian,FFNN(cartesian),,,,,41,300,polar_6,1.5707963267948966,2005,,0.9033333333333333,0.91,0.91,0.5,,,
faithfulness-polar,latitude_bands,cartesian,FFNN(cartesian),,,,,41,300,polar_6,1.5707963267948966,2006,,0.9133333333333333,0.86,0.8600000000000001,0.5,,,
faithfulness-polar,latitude_bands,cartesian,FFNN(cartesian),,,,,41,300,polar_6,1.5707963267948966,2007,,0.8966666666666666,0.81,0.81,0.5,,,
faithfulness-polar,latitude_bands,cartesian,FFNN(cartesian),,,,,41,300,polar_6,1.5707963267948966,2008,,0.9066666666666666,0.88,0.8799999999999999,0.5,,,
faithfulness-polar,latitude_bands,cartesian,FFNN(cartesian),,,,,41,300,polar_6,1.5707963267948966,2009,,0.8933333333333333,0.83,0.8300000000000001,0.5,,,
faithfulness-polar,latitude_bands,sincos,FFNN(sincos),,,,,49,300,polar_6,1.5707963267948966,2000,,0.9266666666666666,0.86,0.86,0.5,,,
faithfulness-polar,latitude_bands,sincos,FFNN(sincos),,,,,49,300,polar_6,1.5707963267948966,2001,,0.8766666666666667,0.87,0.87,0.5,,,
faithfulness-polar,latitude_bands,sincos,FFNN(sincos),,,,,49,300,polar_6,1.5707963267948966,2002,,0.9133333333333333,0.87,0.87,0.5,,,
faithfulness-polar,latitude_bands,sincos,FFNN(sincos),,,,,49,300,polar_6,1.5707963267948966,2003,,0.9133333333333333,0.86,0.86,0.5,,,
faithfulness-polar,latitude_bands,sincos,FFNN(sincos),,,,,49,300,polar_6,1.5707963267948966,2004,,0.9166666666666666,0.88,0.88,0.5,,,
faithfulness-polar,latitude_bands,sincos,FFNN(sincos),,,,,49,300,polar_6,1.5707963267948966,2005,,0.9033333333333333,0.91,0.91,0.5,,,
faithfulness-polar,latitude_bands,sincos,FFNN(sincos),,,,,49,300,polar_6,1.5707963267948966,2006,,0.9333333333333333,0.87,0.87,0.5,,,
faithfulness-polar,latitude_bands,sincos,FFNN(sincos),,,,,49,300,polar_6,1.5707963267948966,2007,,0.8933333333333333,0.83,0.83,0.5,,,
faithfulness-polar,latitude_bands,sincos,FFNN(sincos),,,,,49,300,polar_6,1.5707963267948966,2008,,0.8966666666666666,0.87,0.87,0.5,,,
faithfulness-polar,latitude_bands,sincos,FFNN(sincos),,,,,49,300,polar_6,1.5707963267948966,2009,,0.91,0.81,0.81,0.5,,,
faithfulness-polar,latitude_bands,raw,FFNN(raw),,,,,33,300,polar_6,1.5707963267948966,2000,,0.9,0.84,0.84,0.5,,,
faithfulness-polar,latitude_bands,raw,FFNN(raw),,,,,33,300,polar_6,1.5707963267948966,2001,,0.86,0.9,0.8999999999999999,0.5,,,
faithfulness-polar,latitude_bands,raw,FFNN(raw),,,,,33,300,polar_6,1.5707963267948966,2002,,0.9,0.88,0.88,0.5,,,
faithfulness-polar,latitude_bands,raw,FFNN(raw),,,,,33,300,polar_6,1.5707963267948966,2003,,0.89,0.84,0.84,0.5,,,
faithfulness-polar,latitude_bands,raw,FFNN(raw),,,,,33,300,polar_6,1.5707963267948966,2004,,0.9233333333333333,0.88,0.88,0.5,,,
faithfulness-polar,latitude_bands,raw,FFNN(raw),,,,,33,300,polar_6,1.5707963267948966,2005,,0.8966666666666666,0.89,0.89,0.5,,,
faithfulness-polar,latitude_bands,raw,FFNN(raw),,,,,33,300,polar_6,1.5707963267948966,2006,,0.9066666666666666,0.83,0.8300000000000001,0.5,,,
faithfulness-polar,latitude_bands,raw,FFNN(raw),,,,,33,300,polar_6,1.5707963267948966,2007,,0.8933333333333333,0.81,0.81,0.5,,,
faithfulness-polar,latitude_bands,raw,FFNN(raw),,,,,33,300,polar_6,1.5707963267948966,2008,,0.8866666666666667,0.86,0.86,0.5,,,
faithfulness-polar,latitude_bands,raw,FFNN(raw),,,,,33,300,polar_6,1.5707963267948966,2009,,0.8966666666666666,0.84,0.84,0.5,,,
faithfulness-haar,latitude_bands,bloch,VQC,,,,,12,300,haar_0,nan,2000,,0.91,0.83,0.8300000000000001,0.5,,,
faithfulness-haar,latitude_bands,bloch,VQC,,,,,12,300,haar_0,nan,2001,,0.8566666666666667,0.86,0.86,0.5,,,
faithfulness-haar,latitude_bands,bloch,VQC,,,,,12,300,haar_0,nan,2002,,0.89,0.86,0.86,0.5,,,
faithfulness-haar,latitude_bands,bloch,VQC,,,,,12,300,haar_0,nan,2003,,0.91,0.86,0.86,0.5,,,
faithfulness-haar,latitude_bands,bloch,VQC,,,,,12,300,haar_0,nan,2004,,0.92,0.87,0.87,0.5,,,
faithfulness-haar,latitude_bands,bloch,VQC,,,,,12,300,haar_0,nan,2005,,0.9,0.89,0.89,0.5,,,
faithfulness-haar,latitude_bands,bloch,VQC,,,,,12,300,haar_0,nan,2006,,0.9066666666666666,0.81,0.81,0.5,,,
faithfulness-haar,latitude_bands,bloch,VQC,,,,,12,300,haar_0,nan,2007,,0.8966666666666666,0.81,0.81,0.5,,,
faithfulness-haar,latitude_bands,bloch,VQC,,,,,12,300,haar_0,nan,2008,,0.8866666666666667,0.87,0.87,0.5,,,
faithfulness-haar,latitude_bands,bloch,VQC,,,,,12,300,haar_0,nan,2009,,0.9033333333333333,0.84,0.84,0.5,,,
faithfulness-haar,latitude_bands,cartesian,FFNN(cartesian),,,,,41,300,haar_0,nan,2000,,0.92,0.83,0.83,0.5,,,
faithfulness-haar,latitude_bands,cartesian,FFNN(cartesian),,,,,41,300,haar_0,nan,2001,,0.8733333333333333,0.86,0.86,0.5,,,
faithfulness-haar,latitude_bands,cartesian,FFNN(cartesian),,,,,41,300,haar_0,nan,2002,,0.9,0.87,0.87,0.5,,,
faithfulness-haar,latitude_bands,cartesian,FFNN(cartesian),,,,,41,300,haar_0,nan,2003,,0.9066666666666666,0.86,0.86,0.5,,,
faithfulness-haar,latitude_bands,cartesian,FFNN(cartesian),,,,,41,300,haar_0,nan,2004,,0.9266666666666666,0.88,0.88,0.5,,,
faithfulness-haar,latitude_bands,cartesian,FFNN(cartesian),,,,,41,300,haar_0,nan,2005,,0.9033333333333333,0.91,0.91,0.5,,,
faithfulness-haar,latitude_bands,cartesian,FFNN(cartesian),,,,,41,300,haar_0,nan,2006,,0.91,0.86,0.8600000000000001,0.5,,,
faithfulness-haar,latitude_bands,cartesian,FFNN(cartesian),,,,,41,300,haar_0,nan,2007,,0.8933333333333333,0.81,0.81,0.5,,,
faithfulness-haar,latitude_bands,cartesian,FFNN(cartesian),,,,,41,300,haar_0,nan,2008,,0.9133333333333333,0.87,0.87,0.5,,,
faithfulness-haar,latitude_bands,cartesian,FFNN(cartesian),,,,,41,300,haar_0,nan,2009,,0.89,0.83,0.8300000000000001,0.5,,,
faithfulness-haar,latitude_bands,sincos,FFNN(sincos),,,,,49,300,haar_0,nan,2000,,0.9266666666666666,0.86,0.86,0.5,,,
faithfulness-haar,latitude_bands,sincos,FFNN(sincos),,,,,49,300,haar_0,nan,2001,,0.8766666666666667,0.87,0.87,0.5,,,
faithfulness-haar,latitude_bands,sincos,FFNN(sincos),,,,,49,300,haar_0,nan,2002,,0.8866666666666667,0.87,0.87,0.5,,,
faithfulness-haar,latitude_bands,sincos,FFNN(sincos),,,,,49,300,haar_0,nan,2003,,0.9166666666666666,0.85,0.85,0.5,,,
faithfulness-haar,latitude_bands,sincos,FFNN(sincos),,,,,49,300,haar_0,nan,2004,,0.91,0.88,0.88,0.5,,,
faithfulness-haar,latitude_bands,sincos,FFNN(sincos),,,,,49,300,haar_0,nan,2005,,0.9,0.89,0.89,0.5,,,
faithfulness-haar,latitude_bands,sincos,FFNN(sincos),,,,,49,300,haar_0,nan,2006,,0.91,0.86,0.8600000000000001,0.5,,,
faithfulness-haar,latitude_bands,sincos,FFNN(sincos),,,,,49,300,haar_0,nan,2007,,0.89,0.81,0.81,0.5,,,
faithfulness-haar,latitude_bands,sincos,FFNN(sincos),,,,,49,300,haar_0,nan,2008,,0.9066666666666666,0.87,0.87,0.5,,,
faithfulness-haar,latitude_bands,sincos,FFNN(sincos),,,,,49,300,haar_0,nan,2009,,0.8966666666666666,0.86,0.86,0.5,,,
faithfulness-haar,latitude_bands,raw,FFNN(raw),,,,,33,300,haar_0,nan,2000,,0.8866666666666667,0.79,0.79,0.5,,,
faithfulness-haar,latitude_bands,raw,FFNN(raw),,,,,33,300,haar_0,nan,2001,,0.8366666666666667,0.85,0.8500000000000001,0.5,,,
faithfulness-haar,latitude_bands,raw,FFNN(raw),,,,,33,300,haar_0,nan,2002,,0.89,0.81,0.81,0.5,,,
faithfulness-haar,latitude_bands,raw,FFNN(raw),,,,,33,300,haar_0,nan,2003,,0.9033333333333333,0.85,0.85,0.5,,,
faithfulness-haar,latitude_bands,raw,FFNN(raw),,,,,33,300,haar_0,nan,2004,,0.9133333333333333,0.85,0.85,0.5,,,
faithfulness-haar,latitude_bands,raw,FFNN(raw),,,,,33,300,haar_0,nan,2005,,0.8866666666666667,0.85,0.85,0.5,,,
faithfulness-haar,latitude_bands,raw,FFNN(raw),,,,,33,300,haar_0,nan,2006,,0.8933333333333333,0.83,0.83,0.5,,,
faithfulness-haar,latitude_bands,raw,FFNN(raw),,,,,33,300,haar_0,nan,2007,,0.8866666666666667,0.83,0.8300000000000001,0.5,,,
faithfulness-haar,latitude_bands,raw,FFNN(raw),,,,,33,300,haar_0,nan,2008,,0.85,0.82,0.8200000000000001,0.5,,,
faithfulness-haar,latitude_bands,raw,FFNN(raw),,,,,33,300,haar_0,nan,2009,,0.8966666666666666,0.86,0.86,0.5,,,
faithfulness-haar,latitude_bands,bloch,VQC,,,,,12,300,haar_1,nan,2000,,0.91,0.83,0.8300000000000001,0.5,,,
faithfulness-haar,latitude_bands,bloch,VQC,,,,,12,300,haar_1,nan,2001,,0.8566666666666667,0.86,0.86,0.5,,,
faithfulness-haar,latitude_bands,bloch,VQC,,,,,12,300,haar_1,nan,2002,,0.89,0.86,0.86,0.5,,,
faithfulness-haar,latitude_bands,bloch,VQC,,,,,12,300,haar_1,nan,2003,,0.91,0.86,0.86,0.5,,,
faithfulness-haar,latitude_bands,bloch,VQC,,,,,12,300,haar_1,nan,2004,,0.92,0.87,0.87,0.5,,,
faithfulness-haar,latitude_bands,bloch,VQC,,,,,12,300,haar_1,nan,2005,,0.9,0.89,0.89,0.5,,,
faithfulness-haar,latitude_bands,bloch,VQC,,,,,12,300,haar_1,nan,2006,,0.9066666666666666,0.81,0.81,0.5,,,
faithfulness-haar,latitude_bands,bloch,VQC,,,,,12,300,haar_1,nan,2007,,0.8966666666666666,0.81,0.81,0.5,,,
faithfulness-haar,latitude_bands,bloch,VQC,,,,,12,300,haar_1,nan,2008,,0.8833333333333333,0.87,0.87,0.5,,,
faithfulness-haar,latitude_bands,bloch,VQC,,,,,12,300,haar_1,nan,2009,,0.9033333333333333,0.84,0.84,0.5,,,
faithfulness-haar,latitude_bands,cartesian,FFNN(cartesian),,,,,41,300,haar_1,nan,2000,,0.9,0.83,0.83,0.5,,,
faithfulness-haar,latitude_bands,cartesian,FFNN(cartesian),,,,,41,300,haar_1,nan,2001,,0.8766666666666667,0.86,0.86,0.5,,,
faithfulness-haar,latitude_bands,cartesian,FFNN(cartesian),,,,,41,300,haar_1,nan,2002,,0.9033333333333333,0.87,0.87,0.5,,,
faithfulness-haar,latitude_bands,cartesian,FFNN(cartesian),,,,,41,300,haar_1,nan,2003,,0.9133333333333333,0.86,0.86,0.5,,,
faithfulness-haar,latitude_bands,cartesian,FFNN(cartesian),,,,,41,300,haar_1,nan,2004,,0.9266666666666666,0.88,0.88,0.5,,,
faithfulness-haar,latitude_bands,cartesian,FFNN(cartesian),,,,,41,300,haar_1,nan,2005,,0.9033333333333333,0.9,0.9,0.5,,,
faithfulness-haar,latitude_bands,cartesian,FFNN(cartesian),,,,,41,300,haar_1,nan,2006,,0.92,0.85,0.8500000000000001,0.5,,,
faithfulness-haar,latitude_bands,cartesian,FFNN(cartesian),,,,,41,300,haar_1,nan,2007,,0.9,0.81,0.81,0.5,,,
faithfulness-haar,latitude_bands,cartesian,FFNN(cartesian),,,,,41,300,haar_1,nan,2008,,0.9,0.88,0.8799999999999999,0.5,,,
faithfulness-haar,latitude_bands,cartesian,FFNN(cartesian),,,,,41,300,haar_1,nan,2009,,0.9,0.84,0.84,0.5,,,
faithfulness-haar,latitude_bands,sincos,FFNN(sincos),,,,,49,300,haar_1,nan,2000,,0.9133333333333333,0.85,0.85,0.5,,,
faithfulness-haar,latitude_bands,sincos,FFNN(sincos),,,,,49,300,haar_1,nan,2001,,0.88,0.85,0.85,0.5,,,
faithfulness-haar,latitude_bands,sincos,FFNN(sincos),,,,,49,300,haar_1,nan,2002,,0.8866666666666667,0.91,0.9099999999999999,0.5,,,
faithfulness-haar,latitude_bands,sincos,FFNN(sincos),,,,,49,300,haar_1,nan,2003,,0.9233333333333333,0.85,0.85,0.5,,,
faithfulness-haar,latitude_bands,sincos,FFNN(sincos),,,,,49,300,haar_1,nan,2004,,0.92,0.86,0.86,0.5,,,
faithfulness-haar,latitude_bands,sincos,FFNN(sincos),,,,,49,300,haar_1,nan,2005,,0.9066666666666666,0.91,0.9099999999999999,0.5,,,
faithfulness-haar,latitude_bands,sincos,FFNN(sincos),,,,,49,300,haar_1,nan,2006,,0.91,0.86,0.86,0.5,,,
faithfulness-haar,latitude_bands,sincos,FFNN(sincos),,,,,49,300,haar_1,nan,2007,,0.8933333333333333,0.81,0.81,0.5,,,
faithfulness-haar,latitude_bands,sincos,FFNN(sincos),,,,,49,300,haar_1,nan,2008,,0.9166666666666666,0.88,0.88,0.5,,,
faithfulness-haar,latitude_bands,sincos,FFNN(sincos),,,,,49,300,haar_1,nan,2009,,0.9,0.84,0.84,0.5,,,
faithfulness-haar,latitude_bands,raw,FFNN(raw),,,,,33,300,haar_1,nan,2000,,0.9,0.83,0.8300000000000001,0.5,,,
faithfulness-haar,latitude_bands,raw,FFNN(raw),,,,,33,300,haar_1,nan,2001,,0.88,0.85,0.85,0.5,,,
faithfulness-haar,latitude_bands,raw,FFNN(raw),,,,,33,300,haar_1,nan,2002,,0.8833333333333333,0.89,0.8899999999999999,0.5,,,
faithfulness-haar,latitude_bands,raw,FFNN(raw),,,,,33,300,haar_1,nan,2003,,0.91,0.84,0.84,0.5,,,
faithfulness-haar,latitude_bands,raw,FFNN(raw),,,,,33,300,haar_1,nan,2004,,0.9033333333333333,0.87,0.87,0.5,,,
faithfulness-haar,latitude_bands,raw,FFNN(raw),,,,,33,300,haar_1,nan,2005,,0.8833333333333333,0.89,0.8899999999999999,0.5,,,
faithfulness-haar,latitude_bands,raw,FFNN(raw),,,,,33,300,haar_1,nan,2006,,0.89,0.85,0.85,0.5,,,
faithfulness-haar,latitude_bands,raw,FFNN(raw),,,,,33,300,haar_1,nan,2007,,0.8766666666666667,0.82,0.8200000000000001,0.5,,,
faithfulness-haar,latitude_bands,raw,FFNN(raw),,,,,33,300,haar_1,nan,2008,,0.8633333333333333,0.86,0.86,0.5,,,
faithfulness-haar,latitude_bands,raw,FFNN(raw),,,,,33,300,haar_1,nan,2009,,0.8933333333333333,0.85,0.85,0.5,,,
faithfulness-haar,latitude_bands,bloch,VQC,,,,,12,300,haar_2,nan,2000,,0.91,0.83,0.8300000000000001,0.5,,,
faithfulness-haar,latitude_bands,bloch,VQC,,,,,12,300,haar_2,nan,2001,,0.8566666666666667,0.86,0.86,0.5,,,
faithfulness-haar,latitude_bands,bloch,VQC,,,,,12,300,haar_2,nan,2002,,0.89,0.86,0.86,0.5,,,
faithfulness-haar,latitude_bands,bloch,VQC,,,,,12,300,haar_2,nan,2003,,0.91,0.86,0.86,0.5,,,
faithfulness-haar,latitude_bands,bloch,VQC,,,,,12,300,haar_2,nan,2004,,0.92,0.87,0.87,0.5,,,
faithfulness-haar,latitude_bands,bloch,VQC,,,,,12,300,haar_2,nan,2005,,0.9,0.89,0.89,0.5,,,
faithfulness-haar,latitude_bands,bloch,VQC,,,,,12,300,haar_2,nan,2006,,0.9066666666666666,0.81,0.81,0.5,,,
faithfulness-haar,latitude_bands,bloch,VQC,,,,,12,300,haar_2,nan,2007,,0.8966666666666666,0.81,0.81,0.5,,,
faithfulness-haar,latitude_bands,bloch,VQC,,,,,12,300,haar_2,nan,2008,,0.8833333333333333,0.87,0.87,0.5,,,
faithfulness-haar,latitude_bands,bloch,VQC,,,,,12,300,haar_2,nan,2009,,0.9033333333333333,0.84,0.84,0.5,,,
faithfulness-haar,latitude_bands,cartesian,FFNN(cartesian),,,,,41,300,haar_2,nan,2000,,0.9233333333333333,0.84,0.84,0.5,,,
faithfulness-haar,latitude_bands,cartesian,FFNN(cartesian),,,,,41,300,haar_2,nan,2001,,0.8766666666666667,0.86,0.86,0.5,,,
faithfulness-haar,latitude_bands,cartesian,FFNN(cartesian),,,,,41,300,haar_2,nan,2002,,0.9133333333333333,0.87,0.87,0.5,,,
faithfulness-haar,latitude_bands,cartesian,FFNN(cartesian),,,,,41,300,haar_2,nan,2003,,0.9066666666666666,0.86,0.86,0.5,,,
faithfulness-haar,latitude_bands,cartesian,FFNN(cartesian),,,,,41,300,haar_2,nan,2004,,0.9233333333333333,0.88,0.88,0.5,,,
faithfulness-haar,latitude_bands,cartesian,FFNN(cartesian),,,,,41,300,haar_2,nan,2005,,0.9033333333333333,0.91,0.91,0.5,,,
faithfulness-haar,latitude_bands,cartesian,FFNN(cartesian),,,,,41,300,haar_2,nan,2006,,0.9066666666666666,0.86,0.86,0.5,,,
faithfulness-haar,latitude_bands,cartesian,FFNN(cartesian),,,,,41,300,haar_2,nan,2007,,0.8966666666666666,0.82,0.8200000000000001,0.5,,,
faithfulness-haar,latitude_bands,cartesian,FFNN(cartesian),,,,,41,300,haar_2,nan,2008,,0.8933333333333333,0.88,0.8799999999999999,0.5,,,
faithfulness-haar,latitude_bands,cartesian,FFNN(cartesian),,,,,41,300,haar_2,nan,2009,,0.9066666666666666,0.83,0.83,0.5,,,
faithfulness-haar,latitude_bands,sincos,FFNN(sincos),,,,,49,300,haar_2,nan,2000,,0.9266666666666666,0.84,0.84,0.5,,,
faithfulness-haar,latitude_bands,sincos,FFNN(sincos),,,,,49,300,haar_2,nan,2001,,0.88,0.87,0.87,0.5,,,
faithfulness-haar,latitude_bands,sincos,FFNN(sincos),,,,,49,300,haar_2,nan,2002,,0.9033333333333333,0.89,0.8899999999999999,0.5,,,
faithfulness-haar,latitude_bands,sincos,FFNN(sincos),,,,,49,300,haar_2,nan,2003,,0.91,0.87,0.87,0.5,,,
faithfulness-haar,latitude_bands,sincos,FFNN(sincos),,,,,49,300,haar_2,nan,2004,,0.9266666666666666,0.87,0.87,0.5,,,
faithfulness-haar,latitude_bands,sincos,FFNN(sincos),,,,,49,300,haar_2,nan,2005,,0.9033333333333333,0.9,0.9,0.5,,,
faithfulness-haar,latitude_bands,sincos,FFNN(sincos),,,,,49,300,haar_2,nan,2006,,0.92,0.86,0.8600000000000001,0.5,,,
faithfulness-haar,latitude_bands,sincos,FFNN(sincos),,,,,49,300,haar_2,nan,2007,,0.9,0.81,0.81,0.5,,,
faithfulness-haar,latitude_bands,sincos,FFNN(sincos),,,,,49,300,haar_2,nan,2008,,0.9033333333333333,0.88,0.88,0.5,,,
faithfulness-haar,latitude_bands,sincos,FFNN(sincos),,,,,49,300,haar_2,nan,2009,,0.9033333333333333,0.84,0.84,0.5,,,
faithfulness-haar,latitude_bands,raw,FFNN(raw),,,,,33,300,haar_2,nan,2000,,0.9166666666666666,0.84,0.8400000000000001,0.5,,,
faithfulness-haar,latitude_bands,raw,FFNN(raw),,,,,33,300,haar_2,nan,2001,,0.8633333333333333,0.89,0.8899999999999999,0.5,,,
faithfulness-haar,latitude_bands,raw,FFNN(raw),,,,,33,300,haar_2,nan,2002,,0.9033333333333333,0.9,0.8999999999999999,0.5,,,
faithfulness-haar,latitude_bands,raw,FFNN(raw),,,,,33,300,haar_2,nan,2003,,0.9166666666666666,0.85,0.85,0.5,,,
faithfulness-haar,latitude_bands,raw,FFNN(raw),,,,,33,300,haar_2,nan,2004,,0.9266666666666666,0.88,0.88,0.5,,,
faithfulness-haar,latitude_bands,raw,FFNN(raw),,,,,33,300,haar_2,nan,2005,,0.89,0.91,0.91,0.5,,,
faithfulness-haar,latitude_bands,raw,FFNN(raw),,,,,33,300,haar_2,nan,2006,,0.91,0.84,0.8400000000000001,0.5,,,
faithfulness-haar,latitude_bands,raw,FFNN(raw),,,,,33,300,haar_2,nan,2007,,0.8933333333333333,0.8,0.8,0.5,,,
faithfulness-haar,latitude_bands,raw,FFNN(raw),,,,,33,300,haar_2,nan,2008,,0.9066666666666666,0.86,0.8600000000000001,0.5,,,
faithfulness-haar,latitude_bands,raw,FFNN(raw),,,,,33,300,haar_2,nan,2009,,0.9033333333333333,0.84,0.84,0.5,,,
faithfulness-haar,latitude_bands,bloch,VQC,,,,,12,300,haar_3,nan,2000,,0.91,0.83,0.8300000000000001,0.5,,,
faithfulness-haar,latitude_bands,bloch,VQC,,,,,12,300,haar_3,nan,2001,,0.8566666666666667,0.86,0.86,0.5,,,
faithfulness-haar,latitude_bands,bloch,VQC,,,,,12,300,haar_3,nan,2002,,0.89,0.86,0.86,0.5,,,
faithfulness-haar,latitude_bands,bloch,VQC,,,,,12,300,haar_3,nan,2003,,0.91,0.86,0.86,0.5,,,
faithfulness-haar,latitude_bands,bloch,VQC,,,,,12,300,haar_3,nan,2004,,0.92,0.87,0.87,0.5,,,
faithfulness-haar,latitude_bands,bloch,VQC,,,,,12,300,haar_3,nan,2005,,0.9,0.89,0.89,0.5,,,
faithfulness-haar,latitude_bands,bloch,VQC,,,,,12,300,haar_3,nan,2006,,0.9066666666666666,0.81,0.81,0.5,,,
faithfulness-haar,latitude_bands,bloch,VQC,,,,,12,300,haar_3,nan,2007,,0.8966666666666666,0.81,0.81,0.5,,,
faithfulness-haar,latitude_bands,bloch,VQC,,,,,12,300,haar_3,nan,2008,,0.8833333333333333,0.87,0.87,0.5,,,
faithfulness-haar,latitude_bands,bloch,VQC,,,,,12,300,haar_3,nan,2009,,0.9033333333333333,0.84,0.84,0.5,,,
faithfulness-haar,latitude_bands,cartesian,FFNN(cartesian),,,,,41,300,haar_3,nan,2000,,0.9233333333333333,0.84,0.84,0.5,,,
faithfulness-haar,latitude_bands,cartesian,FFNN(cartesian),,,,,41,300,haar_3,nan,2001,,0.8733333333333333,0.88,0.88,0.5,,,
faithfulness-haar,latitude_bands,cartesian,FFNN(cartesian),,,,,41,300,haar_3,nan,2002,,0.9133333333333333,0.87,0.87,0.5,,,
faithfulness-haar,latitude_bands,cartesian,FFNN(cartesian),,,,,41,300,haar_3,nan,2003,,0.91,0.86,0.86,0.5,,,
faithfulness-haar,latitude_bands,cartesian,FFNN(cartesian),,,,,41,300,haar_3,nan,2004,,0.9266666666666666,0.87,0.87,0.5,,,
faithfulness-haar,latitude_bands,cartesian,FFNN(cartesian),,,,,41,300,haar_3,nan,2005,,0.91,0.91,0.91,0.5,,,
faithfulness-haar,latitude_bands,cartesian,FFNN(cartesian),,,,,41,300,haar_3,nan,2006,,0.9166666666666666,0.85,0.8500000000000001,0.5,,,
faithfulness-haar,latitude_bands,cartesian,FFNN(cartesian),,,,,41,300,haar_3,nan,2007,,0.8966666666666666,0.8,0.8,0.5,,,
faithfulness-haar,latitude_bands,cartesian,FFNN(cartesian),,,,,41,300,haar_3,nan,2008,,0.9066666666666666,0.87,0.87,0.5,,,
faithfulness-haar,latitude_bands,cartesian,FFNN(cartesian),,,,,41,300,haar_3,nan,2009,,0.9033333333333333,0.84,0.84,0.5,,,
faithfulness-haar,latitude_bands,sincos,FFNN(sincos),,,,,49,300,haar_3,nan,2000,,0.9233333333333333,0.85,0.85,0.5,,,
faithfulness-haar,latitude_bands,sincos,FFNN(sincos),,,,,49,300,haar_3,nan,2001,,0.8733333333333333,0.87,0.87,0.5,,,
faithfulness-haar,latitude_bands,sincos,FFNN(sincos),,,,,49,300,haar_3,nan,2002,,0.9033333333333333,0.89,0.8899999999999999,0.5,,,
faithfulness-haar,latitude_bands,sincos,FFNN(sincos),,,,,49,300,haar_3,nan,2003,,0.91,0.85,0.85,0.5,,,
faithfulness-haar,latitude_bands,sincos,FFNN(sincos),,,,,49,300,haar_3,nan,2004,,0.9266666666666666,0.85,0.85,0.5,,,
faithfulness-haar,latitude_bands,sincos,FFNN(sincos),,,,,49,300,haar_3,nan,2005,,0.9133333333333333,0.9,0.9,0.5,,,
faithfulness-haar,latitude_bands,sincos,FFNN(sincos),,,,,49,300,haar_3,nan,2006,,0.9133333333333333,0.84,0.8400000000000001,0.5,,,
faithfulness-haar,latitude_bands,sincos,FFNN(sincos),,,,,49,300,haar_3,nan,2007,,0.8966666666666666,0.82,0.8200000000000001,0.5,,,
faithfulness-haar,latitude_bands,sincos,FFNN(sincos),,,,,49,300,haar_3,nan,2008,,0.9133333333333333,0.88,0.8799999999999999,0.5,,,
faithfulness-haar,latitude_bands,sincos,FFNN(sincos),,,,,49,300,haar_3,nan,2009,,0.8866666666666667,0.81,0.81,0.5,,,
faithfulness-haar,latitude_bands,raw,FFNN(raw),,,,,33,300,haar_3,nan,2000,,0.9233333333333333,0.86,0.86,0.5,,,
faithfulness-haar,latitude_bands,raw,FFNN(raw),,,,,33,300,haar_3,nan,2001,,0.86,0.88,0.88,0.5,,,
faithfulness-haar,latitude_bands,raw,FFNN(raw),,,,,33,300,haar_3,nan,2002,,0.86,0.85,0.85,0.5,,,
faithfulness-haar,latitude_bands,raw,FFNN(raw),,,,,33,300,haar_3,nan,2003,,0.87,0.79,0.79,0.5,,,
faithfulness-haar,latitude_bands,raw,FFNN(raw),,,,,33,300,haar_3,nan,2004,,0.9033333333333333,0.88,0.88,0.5,,,
faithfulness-haar,latitude_bands,raw,FFNN(raw),,,,,33,300,haar_3,nan,2005,,0.8733333333333333,0.87,0.87,0.5,,,
faithfulness-haar,latitude_bands,raw,FFNN(raw),,,,,33,300,haar_3,nan,2006,,0.89,0.8,0.8,0.5,,,
faithfulness-haar,latitude_bands,raw,FFNN(raw),,,,,33,300,haar_3,nan,2007,,0.8233333333333334,0.79,0.79,0.5,,,
faithfulness-haar,latitude_bands,raw,FFNN(raw),,,,,33,300,haar_3,nan,2008,,0.86,0.86,0.86,0.5,,,
faithfulness-haar,latitude_bands,raw,FFNN(raw),,,,,33,300,haar_3,nan,2009,,0.88,0.84,0.84,0.5,,,
faithfulness-haar,latitude_bands,bloch,VQC,,,,,12,300,haar_4,nan,2000,,0.91,0.83,0.8300000000000001,0.5,,,
faithfulness-haar,latitude_bands,bloch,VQC,,,,,12,300,haar_4,nan,2001,,0.8566666666666667,0.86,0.86,0.5,,,
faithfulness-haar,latitude_bands,bloch,VQC,,,,,12,300,haar_4,nan,2002,,0.89,0.86,0.86,0.5,,,
faithfulness-haar,latitude_bands,bloch,VQC,,,,,12,300,haar_4,nan,2003,,0.91,0.86,0.86,0.5,,,
faithfulness-haar,latitude_bands,bloch,VQC,,,,,12,300,haar_4,nan,2004,,0.92,0.87,0.87,0.5,,,
faithfulness-haar,latitude_bands,bloch,VQC,,,,,12,300,haar_4,nan,2005,,0.9,0.89,0.89,0.5,,,
faithfulness-haar,latitude_bands,bloch,VQC,,,,,12,300,haar_4,nan,2006,,0.9066666666666666,0.81,0.81,0.5,,,
faithfulness-haar,latitude_bands,bloch,VQC,,,,,12,300,haar_4,nan,2007,,0.8966666666666666,0.81,0.81,0.5,,,
faithfulness-haar,latitude_bands,bloch,VQC,,,,,12,300,haar_4,nan,2008,,0.8833333333333333,0.87,0.87,0.5,,,
faithfulness-haar,latitude_bands,bloch,VQC,,,,,12,300,haar_4,nan,2009,,0.9033333333333333,0.84,0.84,0.5,,,
faithfulness-haar,latitude_bands,cartesian,FFNN(cartesian),,,,,41,300,haar_4,nan,2000,,0.9233333333333333,0.84,0.84,0.5,,,
faithfulness-haar,latitude_bands,cartesian,FFNN(cartesian),,,,,41,300,haar_4,nan,2001,,0.8733333333333333,0.87,0.87,0.5,,,
faithfulness-haar,latitude_bands,cartesian,FFNN(cartesian),,,,,41,300,haar_4,nan,2002,,0.9066666666666666,0.88,0.8799999999999999,0.5,,,
faithfulness-haar,latitude_bands,cartesian,FFNN(cartesian),,,,,41,300,haar_4,nan,2003,,0.9033333333333333,0.84,0.84,0.5,,,
faithfulness-haar,latitude_bands,cartesian,FFNN(cartesian),,,,,41,300,haar_4,nan,2004,,0.9233333333333333,0.88,0.88,0.5,,,
faithfulness-haar,latitude_bands,cartesian,FFNN(cartesian),,,,,41,300,haar_4,nan,2005,,0.9033333333333333,0.91,0.91,0.5,,,
faithfulness-haar,latitude_bands,cartesian,FFNN(cartesian),,,,,41,300,haar_4,nan,2006,,0.9066666666666666,0.85,0.85,0.5,,,
faithfulness-haar,latitude_bands,cartesian,FFNN(cartesian),,,,,41,300,haar_4,nan,2007,,0.9,0.81,0.81,0.5,,,
faithfulness-haar,latitude_bands,cartesian,FFNN(cartesian),,,,,41,300,haar_4,nan,2008,,0.9066666666666666,0.88,0.8799999999999999,0.5,,,
faithfulness-haar,latitude_bands,cartesian,FFNN(cartesian),,,,,41,300,haar_4,nan,2009,,0.9,0.85,0.85,0.5,,,
faithfulness-haar,latitude_bands,sincos,FFNN(sincos),,,,,49,300,haar_4,nan,2000,,0.9233333333333333,0.83,0.8300000000000001,0.5,,,
faithfulness-haar,latitude_bands,sincos,FFNN(sincos),,,,,49,300,haar_4,nan,2001,,0.8766666666666667,0.88,0.88,0.5,,,
faithfulness-haar,latitude_bands,sincos,FFNN(sincos),,,,,49,300,haar_4,nan,2002,,0.8866666666666667,0.88,0.88,0.5,,,
faithfulness-haar,latitude_bands,sincos,FFNN(sincos),,,,,49,300,haar_4,nan,2003,,0.9166666666666666,0.83,0.83,0.5,,,
faithfulness-haar,latitude_bands,sincos,FFNN(sincos),,,,,49,300,haar_4,nan,2004,,0.92,0.87,0.87,0.5,,,
faithfulness-haar,latitude_bands,sincos,FFNN(sincos),,,,,49,300,haar_4,nan,2005,,0.91,0.9,0.9,0.5,,,
faithfulness-haar,latitude_bands,sincos,FFNN(sincos),,,,,49,300,haar_4,nan,2006,,0.93,0.87,0.87,0.5,,,
faithfulness-haar,latitude_bands,sincos,FFNN(sincos),,,,,49,300,haar_4,nan,2007,,0.9033333333333333,0.84,0.84,0.5,,,
faithfulness-haar,latitude_bands,sincos,FFNN(sincos),,,,,49,300,haar_4,nan,2008,,0.9033333333333333,0.87,0.87,0.5,,,
faithfulness-haar,latitude_bands,sincos,FFNN(sincos),,,,,49,300,haar_4,nan,2009,,0.8966666666666666,0.82,0.8200000000000001,0.5,,,
faithfulness-haar,latitude_bands,raw,FFNN(raw),,,,,33,300,haar_4,nan,2000,,0.92,0.84,0.84,0.5,,,
faithfulness-haar,latitude_bands,raw,FFNN(raw),,,,,33,300,haar_4,nan,2001,,0.8666666666666667,0.86,0.86,0.5,,,
faithfulness-haar,latitude_bands,raw,FFNN(raw),,,,,33,300,haar_4,nan,2002,,0.8866666666666667,0.85,0.85,0.5,,,
faithfulness-haar,latitude_bands,raw,FFNN(raw),,,,,33,300,haar_4,nan,2003,,0.91,0.83,0.8300000000000001,0.5,,,
faithfulness-haar,latitude_bands,raw,FFNN(raw),,,,,33,300,haar_4,nan,2004,,0.9266666666666666,0.86,0.86,0.5,,,
faithfulness-haar,latitude_bands,raw,FFNN(raw),,,,,33,300,haar_4,nan,2005,,0.8933333333333333,0.89,0.89,0.5,,,
faithfulness-haar,latitude_bands,raw,FFNN(raw),,,,,33,300,haar_4,nan,2006,,0.9,0.82,0.82,0.5,,,
faithfulness-haar,latitude_bands,raw,FFNN(raw),,,,,33,300,haar_4,nan,2007,,0.89,0.83,0.8300000000000001,0.5,,,
faithfulness-haar,latitude_bands,raw,FFNN(raw),,,,,33,300,haar_4,nan,2008,,0.9033333333333333,0.87,0.87,0.5,,,
faithfulness-haar,latitude_bands,raw,FFNN(raw),,,,,33,300,haar_4,nan,2009,,0.89,0.83,0.83,0.5,,,
faithfulness-haar,latitude_bands,bloch,VQC,,,,,12,300,haar_5,nan,2000,,0.91,0.83,0.8300000000000001,0.5,,,
faithfulness-haar,latitude_bands,bloch,VQC,,,,,12,300,haar_5,nan,2001,,0.8566666666666667,0.86,0.86,0.5,,,
faithfulness-haar,latitude_bands,bloch,VQC,,,,,12,300,haar_5,nan,2002,,0.89,0.86,0.86,0.5,,,
faithfulness-haar,latitude_bands,bloch,VQC,,,,,12,300,haar_5,nan,2003,,0.91,0.86,0.86,0.5,,,
faithfulness-haar,latitude_bands,bloch,VQC,,,,,12,300,haar_5,nan,2004,,0.92,0.87,0.87,0.5,,,
faithfulness-haar,latitude_bands,bloch,VQC,,,,,12,300,haar_5,nan,2005,,0.9,0.89,0.89,0.5,,,
faithfulness-haar,latitude_bands,bloch,VQC,,,,,12,300,haar_5,nan,2006,,0.9066666666666666,0.81,0.81,0.5,,,
faithfulness-haar,latitude_bands,bloch,VQC,,,,,12,300,haar_5,nan,2007,,0.8966666666666666,0.81,0.81,0.5,,,
faithfulness-haar,latitude_bands,bloch,VQC,,,,,12,300,haar_5,nan,2008,,0.8833333333333333,0.87,0.87,0.5,,,
faithfulness-haar,latitude_bands,bloch,VQC,,,,,12,300,haar_5,nan,2009,,0.9033333333333333,0.84,0.84,0.5,,,
faithfulness-haar,latitude_bands,cartesian,FFNN(cartesian),,,,,41,300,haar_5,nan,2000,,0.9166666666666666,0.83,0.83,0.5,,,
faithfulness-haar,latitude_bands,cartesian,FFNN(cartesian),,,,,41,300,haar_5,nan,2001,,0.8633333333333333,0.88,0.88,0.5,,,
faithfulness-haar,latitude_bands,cartesian,FFNN(cartesian),,,,,41,300,haar_5,nan,2002,,0.9066666666666666,0.87,0.87,0.5,,,
faithfulness-haar,latitude_bands,cartesian,FFNN(cartesian),,,,,41,300,haar_5,nan,2003,,0.91,0.84,0.84,0.5,,,
faithfulness-haar,latitude_bands,cartesian,FFNN(cartesian),,,,,41,300,haar_5,nan,2004,,0.9266666666666666,0.88,0.88,0.5,,,
faithfulness-haar,latitude_bands,cartesian,FFNN(cartesian),,,,,41,300,haar_5,nan,2005,,0.9033333333333333,0.9,0.9,0.5,,,
faithfulness-haar,latitude_bands,cartesian,FFNN(cartesian),,,,,41,300,haar_5,nan,2006,,0.91,0.86,0.8600000000000001,0.5,,,
faithfulness-haar,latitude_bands,cartesian,FFNN(cartesian),,,,,41,300,haar_5,nan,2007,,0.8966666666666666,0.8,0.8,0.5,,,
faithfulness-haar,latitude_bands,cartesian,FFNN(cartesian),,,,,41,300,haar_5,nan,2008,,0.91,0.88,0.8799999999999999,0.5,,,
faithfulness-haar,latitude_bands,cartesian,FFNN(cartesian),,,,,41,300,haar_5,nan,2009,,0.9066666666666666,0.82,0.8200000000000001,0.5,,,
faithfulness-haar,latitude_bands,sincos,FFNN(sincos),,,,,49,300,haar_5,nan,2000,,0.93,0.81,0.81,0.5,,,
faithfulness-haar,latitude_bands,sincos,FFNN(sincos),,,,,49,300,haar_5,nan,2001,,0.8833333333333333,0.86,0.86,0.5,,,
faithfulness-haar,latitude_bands,sincos,FFNN(sincos),,,,,49,300,haar_5,nan,2002,,0.8966666666666666,0.87,0.87,0.5,,,
faithfulness-haar,latitude_bands,sincos,FFNN(sincos),,,,,49,300,haar_5,nan,2003,,0.9166666666666666,0.86,0.86,0.5,,,
faithfulness-haar,latitude_bands,sincos,FFNN(sincos),,,,,49,300,haar_5,nan,2004,,0.9433333333333334,0.86,0.86,0.5,,,
faithfulness-haar,latitude_bands,sincos,FFNN(sincos),,,,,49,300,haar_5,nan,2005,,0.9133333333333333,0.9,0.9,0.5,,,
faithfulness-haar,latitude_bands,sincos,FFNN(sincos),,,,,49,300,haar_5,nan,2006,,0.9133333333333333,0.86,0.8600000000000001,0.5,,,
faithfulness-haar,latitude_bands,sincos,FFNN(sincos),,,,,49,300,haar_5,nan,2007,,0.8933333333333333,0.81,0.81,0.5,,,
faithfulness-haar,latitude_bands,sincos,FFNN(sincos),,,,,49,300,haar_5,nan,2008,,0.9,0.87,0.87,0.5,,,
faithfulness-haar,latitude_bands,sincos,FFNN(sincos),,,,,49,300,haar_5,nan,2009,,0.8966666666666666,0.86,0.86,0.5,,,
faithfulness-haar,latitude_bands,raw,FFNN(raw),,,,,33,300,haar_5,nan,2000,,0.8866666666666667,0.82,0.82,0.5,,,
faithfulness-haar,latitude_bands,raw,FFNN(raw),,,,,33,300,haar_5,nan,2001,,0.8666666666666667,0.87,0.87,0.5,,,
faithfulness-haar,latitude_bands,raw,FFNN(raw),,,,,33,300,haar_5,nan,2002,,0.9066666666666666,0.9,0.9,0.5,,,
faithfulness-haar,latitude_bands,raw,FFNN(raw),,,,,33,300,haar_5,nan,2003,,0.89,0.87,0.87,0.5,,,
faithfulness-haar,latitude_bands,raw,FFNN(raw),,,,,33,300,haar_5,nan,2004,,0.9,0.84,0.84,0.5,,,
faithfulness-haar,latitude_bands,raw,FFNN(raw),,,,,33,300,haar_5,nan,2005,,0.8766666666666667,0.85,0.85,0.5,,,
faithfulness-haar,latitude_bands,raw,FFNN(raw),,,,,33,300,haar_5,nan,2006,,0.8933333333333333,0.83,0.83,0.5,,,
faithfulness-haar,latitude_bands,raw,FFNN(raw),,,,,33,300,haar_5,nan,2007,,0.8933333333333333,0.8,0.8,0.5,,,
faithfulness-haar,latitude_bands,raw,FFNN(raw),,,,,33,300,haar_5,nan,2008,,0.8766666666666667,0.87,0.87,0.5,,,
faithfulness-haar,latitude_bands,raw,FFNN(raw),,,,,33,300,haar_5,nan,2009,,0.8966666666666666,0.8,0.8,0.5,,,
faithfulness-haar,latitude_bands,bloch,VQC,,,,,12,300,haar_6,nan,2000,,0.91,0.83,0.8300000000000001,0.5,,,
faithfulness-haar,latitude_bands,bloch,VQC,,,,,12,300,haar_6,nan,2001,,0.8566666666666667,0.86,0.86,0.5,,,
faithfulness-haar,latitude_bands,bloch,VQC,,,,,12,300,haar_6,nan,2002,,0.89,0.86,0.86,0.5,,,
faithfulness-haar,latitude_bands,bloch,VQC,,,,,12,300,haar_6,nan,2003,,0.91,0.86,0.86,0.5,,,
faithfulness-haar,latitude_bands,bloch,VQC,,,,,12,300,haar_6,nan,2004,,0.92,0.87,0.87,0.5,,,
faithfulness-haar,latitude_bands,bloch,VQC,,,,,12,300,haar_6,nan,2005,,0.9,0.89,0.89,0.5,,,
faithfulness-haar,latitude_bands,bloch,VQC,,,,,12,300,haar_6,nan,2006,,0.9066666666666666,0.81,0.81,0.5,,,
faithfulness-haar,latitude_bands,bloch,VQC,,,,,12,300,haar_6,nan,2007,,0.8966666666666666,0.81,0.81,0.5,,,
faithfulness-haar,latitude_bands,bloch,VQC,,,,,12,300,haar_6,nan,2008,,0.8833333333333333,0.87,0.87,0.5,,,
faithfulness-haar,latitude_bands,bloch,VQC,,,,,12,300,haar_6,nan,2009,,0.9033333333333333,0.84,0.84,0.5,,,
faithfulness-haar,latitude_bands,cartesian,FFNN(cartesian),,,,,41,300,haar_6,nan,2000,,0.9166666666666666,0.82,0.8200000000000001,0.5,,,
faithfulness-haar,latitude_bands,cartesian,FFNN(cartesian),,,,,41,300,haar_6,nan,2001,,0.8766666666666667,0.87,0.87,0.5,,,
faithfulness-haar,latitude_bands,cartesian,FFNN(cartesian),,,,,41,300,haar_6,nan,2002,,0.9,0.87,0.87,0.5,,,
faithfulness-haar,latitude_bands,cartesian,FFNN(cartesian),,,,,41,300,haar_6,nan,2003,,0.9133333333333333,0.83,0.83,0.5,,,
faithfulness-haar,latitude_bands,cartesian,FFNN(cartesian),,,,,41,300,haar_6,nan,2004,,0.9266666666666666,0.87,0.87,0.5,,,
faithfulness-haar,latitude_bands,cartesian,FFNN(cartesian),,,,,41,300,haar_6,nan,2005,,0.9066666666666666,0.9,0.9,0.5,,,
faithfulness-haar,latitude_bands,cartesian,FFNN(cartesian),,,,,41,300,haar_6,nan,2006,,0.9166666666666666,0.86,0.8600000000000001,0.5,,,
faithfulness-haar,latitude_bands,cartesian,FFNN(cartesian),,,,,41,300,haar_6,nan,2007,,0.9,0.8,0.8,0.5,,,
faithfulness-haar,latitude_bands,cartesian,FFNN(cartesian),,,,,41,300,haar_6,nan,2008,,0.9066666666666666,0.88,0.8799999999999999,0.5,,,
faithfulness-haar,latitude_bands,cartesian,FFNN(cartesian),,,,,41,300,haar_6,nan,2009,,0.8966666666666666,0.83,0.8300000000000001,0.5,,,
faithfulness-haar,latitude_bands,sincos,FFNN(sincos),,,,,49,300,haar_6,nan,2000,,0.9233333333333333,0.82,0.8200000000000001,0.5,,,
faithfulness-haar,latitude_bands,sincos,FFNN(sincos),,,,,49,300,haar_6,nan,2001,,0.87,0.85,0.85,0.5,,,
faithfulness-haar,latitude_bands,sincos,FFNN(sincos),,,,,49,300,haar_6,nan,2002,,0.9033333333333333,0.84,0.8400000000000001,0.5,,,
faithfulness-haar,latitude_bands,sincos,FFNN(sincos),,,,,49,300,haar_6,nan,2003,,0.92,0.84,0.84,0.5,,,
faithfulness-haar,latitude_bands,sincos,FFNN(sincos),,,,,49,300,haar_6,nan,2004,,0.9166666666666666,0.87,0.87,0.5,,,
faithfulness-haar,latitude_bands,sincos,FFNN(sincos),,,,,49,300,haar_6,nan,2005,,0.9,0.88,0.88,0.5,,,
faithfulness-haar,latitude_bands,sincos,FFNN(sincos),,,,,49,300,haar_6,nan,2006,,0.9233333333333333,0.86,0.8600000000000001,0.5,,,
faithfulness-haar,latitude_bands,sincos,FFNN(sincos),,,,,49,300,haar_6,nan,2007,,0.8766666666666667,0.82,0.82,0.5,,,
faithfulness-haar,latitude_bands,sincos,FFNN(sincos),,,,,49,300,haar_6,nan,2008,,0.92,0.87,0.87,0.5,,,
faithfulness-haar,latitude_bands,sincos,FFNN(sincos),,,,,49,300,haar_6,nan,2009,,0.9166666666666666,0.82,0.8200000000000001,0.5,,,
faithfulness-haar,latitude_bands,raw,FFNN(raw),,,,,33,300,haar_6,nan,2000,,0.8866666666666667,0.83,0.8300000000000001,0.5,,,
faithfulness-haar,latitude_bands,raw,FFNN(raw),,,,,33,300,haar_6,nan,2001,,0.8666666666666667,0.88,0.8799999999999999,0.5,,,
faithfulness-haar,latitude_bands,raw,FFNN(raw),,,,,33,300,haar_6,nan,2002,,0.7333333333333333,0.71,0.71,0.5,,,
faithfulness-haar,latitude_bands,raw,FFNN(raw),,,,,33,300,haar_6,nan,2003,,0.87,0.85,0.85,0.5,,,
faithfulness-haar,latitude_bands,raw,FFNN(raw),,,,,33,300,haar_6,nan,2004,,0.8766666666666667,0.86,0.86,0.5,,,
faithfulness-haar,latitude_bands,raw,FFNN(raw),,,,,33,300,haar_6,nan,2005,,0.86,0.83,0.8300000000000001,0.5,,,
faithfulness-haar,latitude_bands,raw,FFNN(raw),,,,,33,300,haar_6,nan,2006,,0.9233333333333333,0.84,0.84,0.5,,,
faithfulness-haar,latitude_bands,raw,FFNN(raw),,,,,33,300,haar_6,nan,2007,,0.83,0.8,0.8,0.5,,,
faithfulness-haar,latitude_bands,raw,FFNN(raw),,,,,33,300,haar_6,nan,2008,,0.5966666666666667,0.51,0.51,0.5,,,
faithfulness-haar,latitude_bands,raw,FFNN(raw),,,,,33,300,haar_6,nan,2009,,0.8866666666666667,0.86,0.86,0.5,,,
faithfulness-haar,latitude_bands,bloch,VQC,,,,,12,300,haar_7,nan,2000,,0.91,0.83,0.8300000000000001,0.5,,,
faithfulness-haar,latitude_bands,bloch,VQC,,,,,12,300,haar_7,nan,2001,,0.8566666666666667,0.86,0.86,0.5,,,
faithfulness-haar,latitude_bands,bloch,VQC,,,,,12,300,haar_7,nan,2002,,0.89,0.86,0.86,0.5,,,
faithfulness-haar,latitude_bands,bloch,VQC,,,,,12,300,haar_7,nan,2003,,0.91,0.86,0.86,0.5,,,
faithfulness-haar,latitude_bands,bloch,VQC,,,,,12,300,haar_7,nan,2004,,0.92,0.87,0.87,0.5,,,
faithfulness-haar,latitude_bands,bloch,VQC,,,,,12,300,haar_7,nan,2005,,0.9,0.89,0.89,0.5,,,
faithfulness-haar,latitude_bands,bloch,VQC,,,,,12,300,haar_7,nan,2006,,0.9066666666666666,0.81,0.81,0.5,,,
faithfulness-haar,latitude_bands,bloch,VQC,,,,,12,300,haar_7,nan,2007,,0.8966666666666666,0.81,0.81,0.5,,,
faithfulness-haar,latitude_bands,bloch,VQC,,,,,12,300,haar_7,nan,2008,,0.8833333333333333,0.87,0.87,0.5,,,
faithfulness-haar,latitude_bands,bloch,VQC,,,,,12,300,haar_7,nan,2009,,0.9033333333333333,0.84,0.84,0.5,,,
faithfulness-haar,latitude_bands,cartesian,FFNN(cartesian),,,,,41,300,haar_7,nan,2000,,0.9133333333333333,0.84,0.84,0.5,,,
faithfulness-haar,latitude_bands,cartesian,FFNN(cartesian),,,,,41,300,haar_7,nan,2001,,0.8766666666666667,0.86,0.86,0.5,,,
faithfulness-haar,latitude_bands,cartesian,FFNN(cartesian),,,,,41,300,haar_7,nan,2002,,0.9066666666666666,0.87,0.87,0.5,,,
faithfulness-haar,latitude_bands,cartesian,FFNN(cartesian),,,,,41,300,haar_7,nan,2003,,0.9066666666666666,0.85,0.85,0.5,,,
faithfulness-haar,latitude_bands,cartesian,FFNN(cartesian),,,,,41,300,haar_7,nan,2004,,0.9266666666666666,0.88,0.88,0.5,,,
faithfulness-haar,latitude_bands,cartesian,FFNN(cartesian),,,,,41,300,haar_7,nan,2005,,0.9066666666666666,0.91,0.91,0.5,,,
faithfulness-haar,latitude_bands,cartesian,FFNN(cartesian),,,,,41,300,haar_7,nan,2006,,0.92,0.86,0.8600000000000001,0.5,,,
faithfulness-haar,latitude_bands,cartesian,FFNN(cartesian),,,,,41,300,haar_7,nan,2007,,0.8933333333333333,0.81,0.81,0.5,,,
faithfulness-haar,latitude_bands,cartesian,FFNN(cartesian),,,,,41,300,haar_7,nan,2008,,0.9066666666666666,0.88,0.8799999999999999,0.5,,,
faithfulness-haar,latitude_bands,cartesian,FFNN(cartesian),,,,,41,300,haar_7,nan,2009,,0.8966666666666666,0.84,0.84,0.5,,,
faithfulness-haar,latitude_bands,sincos,FFNN(sincos),,,,,49,300,haar_7,nan,2000,,0.9266666666666666,0.83,0.8300000000000001,0.5,,,
faithfulness-haar,latitude_bands,sincos,FFNN(sincos),,,,,49,300,haar_7,nan,2001,,0.87,0.87,0.87,0.5,,,
faithfulness-haar,latitude_bands,sincos,FFNN(sincos),,,,,49,300,haar_7,nan,2002,,0.9033333333333333,0.88,0.88,0.5,,,
faithfulness-haar,latitude_bands,sincos,FFNN(sincos),,,,,49,300,haar_7,nan,2003,,0.9133333333333333,0.85,0.85,0.5,,,
faithfulness-haar,latitude_bands,sincos,FFNN(sincos),,,,,49,300,haar_7,nan,2004,,0.9266666666666666,0.87,0.87,0.5,,,
faithfulness-haar,latitude_bands,sincos,FFNN(sincos),,,,,49,300,haar_7,nan,2005,,0.9066666666666666,0.9,0.9,0.5,,,
faithfulness-haar,latitude_bands,sincos,FFNN(sincos),,,,,49,300,haar_7,nan,2006,,0.92,0.85,0.8500000000000001,0.5,,,
faithfulness-haar,latitude_bands,sincos,FFNN(sincos),,,,,49,300,haar_7,nan,2007,,0.8933333333333333,0.82,0.82,0.5,,,
faithfulness-haar,latitude_bands,sincos,FFNN(sincos),,,,,49,300,haar_7,nan,2008,,0.91,0.88,0.88,0.5,,,
faithfulness-haar,latitude_bands,sincos,FFNN(sincos),,,,,49,300,haar_7,nan,2009,,0.9033333333333333,0.83,0.83,0.5,,,
faithfulness-haar,latitude_bands,raw,FFNN(raw),,,,,33,300,haar_7,nan,2000,,0.9133333333333333,0.83,0.8300000000000001,0.5,,,
faithfulness-haar,latitude_bands,raw,FFNN(raw),,,,,33,300,haar_7,nan,2001,,0.88,0.86,0.86,0.5,,,
faithfulness-haar,latitude_bands,raw,FFNN(raw),,,,,33,300,haar_7,nan,2002,,0.9,0.89,0.8899999999999999,0.5,,,
faithfulness-haar,latitude_bands,raw,FFNN(raw),,,,,33,300,haar_7,nan,2003,,0.91,0.86,0.86,0.5,,,
faithfulness-haar,latitude_bands,raw,FFNN(raw),,,,,33,300,haar_7,nan,2004,,0.93,0.88,0.88,0.5,,,
faithfulness-haar,latitude_bands,raw,FFNN(raw),,,,,33,300,haar_7,nan,2005,,0.8966666666666666,0.9,0.9,0.5,,,
faithfulness-haar,latitude_bands,raw,FFNN(raw),,,,,33,300,haar_7,nan,2006,,0.91,0.83,0.83,0.5,,,
faithfulness-haar,latitude_bands,raw,FFNN(raw),,,,,33,300,haar_7,nan,2007,,0.8966666666666666,0.81,0.81,0.5,,,
faithfulness-haar,latitude_bands,raw,FFNN(raw),,,,,33,300,haar_7,nan,2008,,0.9,0.88,0.8799999999999999,0.5,,,
faithfulness-haar,latitude_bands,raw,FFNN(raw),,,,,33,300,haar_7,nan,2009,,0.9033333333333333,0.85,0.85,0.5,,,
faithfulness-haar,latitude_bands,bloch,VQC,,,,,12,300,haar_8,nan,2000,,0.91,0.83,0.8300000000000001,0.5,,,
faithfulness-haar,latitude_bands,bloch,VQC,,,,,12,300,haar_8,nan,2001,,0.8566666666666667,0.86,0.86,0.5,,,
faithfulness-haar,latitude_bands,bloch,VQC,,,,,12,300,haar_8,nan,2002,,0.89,0.86,0.86,0.5,,,
faithfulness-haar,latitude_bands,bloch,VQC,,,,,12,300,haar_8,nan,2003,,0.91,0.86,0.86,0.5,,,
faithfulness-haar,latitude_bands,bloch,VQC,,,,,12,300,haar_8,nan,2004,,0.92,0.87,0.87,0.5,,,
faithfulness-haar,latitude_bands,bloch,VQC,,,,,12,300,haar_8,nan,2005,,0.9,0.89,0.89,0.5,,,
faithfulness-haar,latitude_bands,bloch,VQC,,,,,12,300,haar_8,nan,2006,,0.9066666666666666,0.81,0.81,0.5,,,
faithfulness-haar,latitude_bands,bloch,VQC,,,,,12,300,haar_8,nan,2007,,0.8966666666666666,0.81,0.81,0.5,,,
faithfulness-haar,latitude_bands,bloch,VQC,,,,,12,300,haar_8,nan,2008,,0.8833333333333333,0.87,0.87,0.5,,,
faithfulness-haar,latitude_bands,bloch,VQC,,,,,12,300,haar_8,nan,2009,,0.9033333333333333,0.84,0.84,0.5,,,
faithfulness-haar,latitude_bands,cartesian,FFNN(cartesian),,,,,41,300,haar_8,nan,2000,,0.9166666666666666,0.84,0.84,0.5,,,
faithfulness-haar,latitude_bands,cartesian,FFNN(cartesian),,,,,41,300,haar_8,nan,2001,,0.8766666666666667,0.86,0.86,0.5,,,
faithfulness-haar,latitude_bands,cartesian,FFNN(cartesian),,,,,41,300,haar_8,nan,2002,,0.9133333333333333,0.87,0.87,0.5,,,
faithfulness-haar,latitude_bands,cartesian,FFNN(cartesian),,,,,41,300,haar_8,nan,2003,,0.9,0.85,0.8500000000000001,0.5,,,
faithfulness-haar,latitude_bands,cartesian,FFNN(cartesian),,,,,41,300,haar_8,nan,2004,,0.9266666666666666,0.87,0.87,0.5,,,
faithfulness-haar,latitude_bands,cartesian,FFNN(cartesian),,,,,41,300,haar_8,nan,2005,,0.9066666666666666,0.91,0.91,0.5,,,
faithfulness-haar,latitude_bands,cartesian,FFNN(cartesian),,,,,41,300,haar_8,nan,2006,,0.9166666666666666,0.85,0.8500000000000001,0.5,,,
faithfulness-haar,latitude_bands,cartesian,FFNN(cartesian),,,,,41,300,haar_8,nan,2007,,0.8966666666666666,0.81,0.81,0.5,,,
faithfulness-haar,latitude_bands,cartesian,FFNN(cartesian),,,,,41,300,haar_8,nan,2008,,0.9033333333333333,0.88,0.8799999999999999,0.5,,,
faithfulness-haar,latitude_bands,cartesian,FFNN(cartesian),,,,,41,300,haar_8,nan,2009,,0.9033333333333333,0.83,0.83,0.5,,,
faithfulness-haar,latitude_bands,sincos,FFNN(sincos),,,,,49,300,haar_8,nan,2000,,0.9266666666666666,0.84,0.84,0.5,,,
faithfulness-haar,latitude_bands,sincos,FFNN(sincos),,,,,49,300,haar_8,nan,2001,,0.87,0.88,0.88,0.5,,,
faithfulness-haar,latitude_bands,sincos,FFNN(sincos),,,,,49,300,haar_8,nan,2002,,0.8933333333333333,0.89,0.89,0.5,,,
faithfulness-haar,latitude_bands,sincos,FFNN(sincos),,,,,49,300,haar_8,nan,2003,,0.91,0.86,0.86,0.5,,,
faithfulness-haar,latitude_bands,sincos,FFNN(sincos),,,,,49,300,haar_8,nan,2004,,0.92,0.87,0.87,0.5,,,
faithfulness-haar,latitude_bands,sincos,FFNN(sincos),,,,,49,300,haar_8,nan,2005,,0.9066666666666666,0.91,0.91,0.5,,,
faithfulness-haar,latitude_bands,sincos,FFNN(sincos),,,,,49,300,haar_8,nan,2006,,0.91,0.86,0.86,0.5,,,
faithfulness-haar,latitude_bands,sincos,FFNN(sincos),,,,,49,300,haar_8,nan,2007,,0.9,0.82,0.82,0.5,,,
faithfulness-haar,latitude_bands,sincos,FFNN(sincos),,,,,49,300,haar_8,nan,2008,,0.9066666666666666,0.88,0.8799999999999999,0.5,,,
faithfulness-haar,latitude_bands,sincos,FFNN(sincos),,,,,49,300,haar_8,nan,2009,,0.8966666666666666,0.83,0.83,0.5,,,
faithfulness-haar,latitude_bands,raw,FFNN(raw),,,,,33,300,haar_8,nan,2000,,0.93,0.83,0.8300000000000001,0.5,,,
faithfulness-haar,latitude_bands,raw,FFNN(raw),,,,,33,300,haar_8,nan,2001,,0.87,0.86,0.86,0.5,,,
faithfulness-haar,latitude_bands,raw,FFNN(raw),,,,,33,300,haar_8,nan,2002,,0.8833333333333333,0.9,0.8999999999999999,0.5,,,
faithfulness-haar,latitude_bands,raw,FFNN(raw),,,,,33,300,haar_8,nan,2003,,0.92,0.84,0.84,0.5,,,
faithfulness-haar,latitude_bands,raw,FFNN(raw),,,,,33,300,haar_8,nan,2004,,0.9166666666666666,0.86,0.86,0.5,,,
faithfulness-haar,latitude_bands,raw,FFNN(raw),,,,,33,300,haar_8,nan,2005,,0.8966666666666666,0.91,0.91,0.5,,,
faithfulness-haar,latitude_bands,raw,FFNN(raw),,,,,33,300,haar_8,nan,2006,,0.91,0.83,0.83,0.5,,,
faithfulness-haar,latitude_bands,raw,FFNN(raw),,,,,33,300,haar_8,nan,2007,,0.8733333333333333,0.81,0.81,0.5,,,
faithfulness-haar,latitude_bands,raw,FFNN(raw),,,,,33,300,haar_8,nan,2008,,0.8966666666666666,0.86,0.86,0.5,,,
faithfulness-haar,latitude_bands,raw,FFNN(raw),,,,,33,300,haar_8,nan,2009,,0.8966666666666666,0.83,0.83,0.5,,,
faithfulness-haar,latitude_bands,bloch,VQC,,,,,12,300,haar_9,nan,2000,,0.91,0.83,0.8300000000000001,0.5,,,
faithfulness-haar,latitude_bands,bloch,VQC,,,,,12,300,haar_9,nan,2001,,0.8566666666666667,0.86,0.86,0.5,,,
faithfulness-haar,latitude_bands,bloch,VQC,,,,,12,300,haar_9,nan,2002,,0.89,0.86,0.86,0.5,,,
faithfulness-haar,latitude_bands,bloch,VQC,,,,,12,300,haar_9,nan,2003,,0.91,0.86,0.86,0.5,,,
faithfulness-haar,latitude_bands,bloch,VQC,,,,,12,300,haar_9,nan,2004,,0.92,0.87,0.87,0.5,,,
faithfulness-haar,latitude_bands,bloch,VQC,,,,,12,300,haar_9,nan,2005,,0.9,0.89,0.89,0.5,,,
faithfulness-haar,latitude_bands,bloch,VQC,,,,,12,300,haar_9,nan,2006,,0.9066666666666666,0.81,0.81,0.5,,,
faithfulness-haar,latitude_bands,bloch,VQC,,,,,12,300,haar_9,nan,2007,,0.8966666666666666,0.81,0.81,0.5,,,
faithfulness-haar,latitude_bands,bloch,VQC,,,,,12,300,haar_9,nan,2008,,0.8833333333333333,0.87,0.87,0.5,,,
faithfulness-haar,latitude_bands,bloch,VQC,,,,,12,300,haar_9,nan,2009,,0.9033333333333333,0.84,0.84,0.5,,,
faithfulness-haar,latitude_bands,cartesian,FFNN(cartesian),,,,,41,300,haar_9,nan,2000,,0.92,0.83,0.83,0.5,,,
faithfulness-haar,latitude_bands,cartesian,FFNN(cartesian),,,,,41,300,haar_9,nan,2001,,0.8633333333333333,0.88,0.88,0.5,,,
faithfulness-haar,latitude_bands,cartesian,FFNN(cartesian),,,,,41,300,haar_9,nan,2002,,0.9,0.87,0.87,0.5,,,
faithfulness-haar,latitude_bands,cartesian,FFNN(cartesian),,,,,41,300,haar_9,nan,2003,,0.9133333333333333,0.86,0.86,0.5,,,
faithfulness-haar,latitude_bands,cartesian,FFNN(cartesian),,,,,41,300,haar_9,nan,2004,,0.93,0.87,0.87,0.5,,,
faithfulness-haar,latitude_bands,cartesian,FFNN(cartesian),,,,,41,300,haar_9,nan,2005,,0.9066666666666666,0.91,0.91,0.5,,,
faithfulness-haar,latitude_bands,cartesian,FFNN(cartesian),,,,,41,300,haar_9,nan,2006,,0.9066666666666666,0.85,0.85,0.5,,,
faithfulness-haar,latitude_bands,cartesian,FFNN(cartesian),,,,,41,300,haar_9,nan,2007,,0.9033333333333333,0.81,0.81,0.5,,,
faithfulness-haar,latitude_bands,cartesian,FFNN(cartesian),,,,,41,300,haar_9,nan,2008,,0.91,0.88,0.8799999999999999,0.5,,,
faithfulness-haar,latitude_bands,cartesian,FFNN(cartesian),,,,,41,300,haar_9,nan,2009,,0.8966666666666666,0.83,0.8300000000000001,0.5,,,
faithfulness-haar,latitude_bands,sincos,FFNN(sincos),,,,,49,300,haar_9,nan,2000,,0.9033333333333333,0.84,0.84,0.5,,,
faithfulness-haar,latitude_bands,sincos,FFNN(sincos),,,,,49,300,haar_9,nan,2001,,0.87,0.87,0.87,0.5,,,
faithfulness-haar,latitude_bands,sincos,FFNN(sincos),,,,,49,300,haar_9,nan,2002,,0.9133333333333333,0.89,0.89,0.5,,,
faithfulness-haar,latitude_bands,sincos,FFNN(sincos),,,,,49,300,haar_9,nan,2003,,0.9066666666666666,0.85,0.85,0.5,,,
faithfulness-haar,latitude_bands,sincos,FFNN(sincos),,,,,49,300,haar_9,nan,2004,,0.92,0.88,0.88,0.5,,,
faithfulness-haar,latitude_bands,sincos,FFNN(sincos),,,,,49,300,haar_9,nan,2005,,0.9066666666666666,0.9,0.9,0.5,,,
faithfulness-haar,latitude_bands,sincos,FFNN(sincos),,,,,49,300,haar_9,nan,2006,,0.9266666666666666,0.85,0.8500000000000001,0.5,,,
faithfulness-haar,latitude_bands,sincos,FFNN(sincos),,,,,49,300,haar_9,nan,2007,,0.8833333333333333,0.79,0.79,0.5,,,
faithfulness-haar,latitude_bands,sincos,FFNN(sincos),,,,,49,300,haar_9,nan,2008,,0.8933333333333333,0.87,0.87,0.5,,,
faithfulness-haar,latitude_bands,sincos,FFNN(sincos),,,,,49,300,haar_9,nan,2009,,0.9066666666666666,0.86,0.86,0.5,,,
faithfulness-haar,latitude_bands,raw,FFNN(raw),,,,,33,300,haar_9,nan,2000,,0.7666666666666667,0.75,0.75,0.5,,,
faithfulness-haar,latitude_bands,raw,FFNN(raw),,,,,33,300,haar_9,nan,2001,,0.71,0.73,0.73,0.5,,,
faithfulness-haar,latitude_bands,raw,FFNN(raw),,,,,33,300,haar_9,nan,2002,,0.9033333333333333,0.91,0.9099999999999999,0.5,,,
faithfulness-haar,latitude_bands,raw,FFNN(raw),,,,,33,300,haar_9,nan,2003,,0.75,0.72,0.72,0.5,,,
faithfulness-haar,latitude_bands,raw,FFNN(raw),,,,,33,300,haar_9,nan,2004,,0.9066666666666666,0.88,0.88,0.5,,,
faithfulness-haar,latitude_bands,raw,FFNN(raw),,,,,33,300,haar_9,nan,2005,,0.87,0.88,0.88,0.5,,,
faithfulness-haar,latitude_bands,raw,FFNN(raw),,,,,33,300,haar_9,nan,2006,,0.8866666666666667,0.82,0.8200000000000001,0.5,,,
faithfulness-haar,latitude_bands,raw,FFNN(raw),,,,,33,300,haar_9,nan,2007,,0.89,0.84,0.84,0.5,,,
faithfulness-haar,latitude_bands,raw,FFNN(raw),,,,,33,300,haar_9,nan,2008,,0.78,0.76,0.76,0.5,,,
faithfulness-haar,latitude_bands,raw,FFNN(raw),,,,,33,300,haar_9,nan,2009,,0.89,0.79,0.79,0.5,,,
faithfulness-haar,latitude_bands,bloch,VQC,,,,,12,300,haar_10,nan,2000,,0.91,0.83,0.8300000000000001,0.5,,,
faithfulness-haar,latitude_bands,bloch,VQC,,,,,12,300,haar_10,nan,2001,,0.8566666666666667,0.86,0.86,0.5,,,
faithfulness-haar,latitude_bands,bloch,VQC,,,,,12,300,haar_10,nan,2002,,0.89,0.86,0.86,0.5,,,
faithfulness-haar,latitude_bands,bloch,VQC,,,,,12,300,haar_10,nan,2003,,0.91,0.86,0.86,0.5,,,
faithfulness-haar,latitude_bands,bloch,VQC,,,,,12,300,haar_10,nan,2004,,0.92,0.87,0.87,0.5,,,
faithfulness-haar,latitude_bands,bloch,VQC,,,,,12,300,haar_10,nan,2005,,0.9,0.89,0.89,0.5,,,
faithfulness-haar,latitude_bands,bloch,VQC,,,,,12,300,haar_10,nan,2006,,0.9066666666666666,0.81,0.81,0.5,,,
faithfulness-haar,latitude_bands,bloch,VQC,,,,,12,300,haar_10,nan,2007,,0.8966666666666666,0.81,0.81,0.5,,,
faithfulness-haar,latitude_bands,bloch,VQC,,,,,12,300,haar_10,nan,2008,,0.8833333333333333,0.87,0.87,0.5,,,
faithfulness-haar,latitude_bands,bloch,VQC,,,,,12,300,haar_10,nan,2009,,0.9033333333333333,0.84,0.84,0.5,,,
faithfulness-haar,latitude_bands,cartesian,FFNN(cartesian),,,,,41,300,haar_10,nan,2000,,0.92,0.83,0.83,0.5,,,
faithfulness-haar,latitude_bands,cartesian,FFNN(cartesian),,,,,41,300,haar_10,nan,2001,,0.8633333333333333,0.87,0.87,0.5,,,
faithfulness-haar,latitude_bands,cartesian,FFNN(cartesian),,,,,41,300,haar_10,nan,2002,,0.8966666666666666,0.87,0.87,0.5,,,
faithfulness-haar,latitude_bands,cartesian,FFNN(cartesian),,,,,41,300,haar_10,nan,2003,,0.9066666666666666,0.85,0.85,0.5,,,
faithfulness-haar,latitude_bands,cartesian,FFNN(cartesian),,,,,41,300,haar_10,nan,2004,,0.93,0.86,0.86,0.5,,,
faithfulness-haar,latitude_bands,cartesian,FFNN(cartesian),,,,,41,300,haar_10,nan,2005,,0.9066666666666666,0.91,0.91,0.5,,,
faithfulness-haar,latitude_bands,cartesian,FFNN(cartesian),,,,,41,300,haar_10,nan,2006,,0.9033333333333333,0.84,0.8400000000000001,0.5,,,
faithfulness-haar,latitude_bands,cartesian,FFNN(cartesian),,,,,41,300,haar_10,nan,2007,,0.8933333333333333,0.81,0.81,0.5,,,
faithfulness-haar,latitude_bands,cartesian,FFNN(cartesian),,,,,41,300,haar_10,nan,2008,,0.9033333333333333,0.88,0.8799999999999999,0.5,,,
faithfulness-haar,latitude_bands,cartesian,FFNN(cartesian),,,,,41,300,haar_10,nan,2009,,0.8966666666666666,0.86,0.86,0.5,,,
faithfulness-haar,latitude_bands,sincos,FFNN(sincos),,,,,49,300,haar_10,nan,2000,,0.9166666666666666,0.84,0.84,0.5,,,
faithfulness-haar,latitude_bands,sincos,FFNN(sincos),,,,,49,300,haar_10,nan,2001,,0.8733333333333333,0.87,0.87,0.5,,,
faithfulness-haar,latitude_bands,sincos,FFNN(sincos),,,,,49,300,haar_10,nan,2002,,0.9033333333333333,0.87,0.87,0.5,,,
faithfulness-haar,latitude_bands,sincos,FFNN(sincos),,,,,49,300,haar_10,nan,2003,,0.9,0.84,0.84,0.5,,,
faithfulness-haar,latitude_bands,sincos,FFNN(sincos),,,,,49,300,haar_10,nan,2004,,0.93,0.86,0.86,0.5,,,
faithfulness-haar,latitude_bands,sincos,FFNN(sincos),,,,,49,300,haar_10,nan,2005,,0.9066666666666666,0.88,0.88,0.5,,,
faithfulness-haar,latitude_bands,sincos,FFNN(sincos),,,,,49,300,haar_10,nan,2006,,0.91,0.86,0.8600000000000001,0.5,,,
faithfulness-haar,latitude_bands,sincos,FFNN(sincos),,,,,49,300,haar_10,nan,2007,,0.9033333333333333,0.81,0.81,0.5,,,
faithfulness-haar,latitude_bands,sincos,FFNN(sincos),,,,,49,300,haar_10,nan,2008,,0.9133333333333333,0.86,0.86,0.5,,,
faithfulness-haar,latitude_bands,sincos,FFNN(sincos),,,,,49,300,haar_10,nan,2009,,0.8933333333333333,0.81,0.81,0.5,,,
faithfulness-haar,latitude_bands,raw,FFNN(raw),,,,,33,300,haar_10,nan,2000,,0.8866666666666667,0.84,0.8400000000000001,0.5,,,
faithfulness-haar,latitude_bands,raw,FFNN(raw),,,,,33,300,haar_10,nan,2001,,0.87,0.84,0.84,0.5,,,
faithfulness-haar,latitude_bands,raw,FFNN(raw),,,,,33,300,haar_10,nan,2002,,0.8866666666666667,0.9,0.8999999999999999,0.5,,,
faithfulness-haar,latitude_bands,raw,FFNN(raw),,,,,33,300,haar_10,nan,2003,,0.8866666666666667,0.85,0.85,0.5,,,
faithfulness-haar,latitude_bands,raw,FFNN(raw),,,,,33,300,haar_10,nan,2004,,0.9166666666666666,0.87,0.87,0.5,,,
faithfulness-haar,latitude_bands,raw,FFNN(raw),,,,,33,300,haar_10,nan,2005,,0.8966666666666666,0.85,0.8500000000000001,0.5,,,
faithfulness-haar,latitude_bands,raw,FFNN(raw),,,,,33,300,haar_10,nan,2006,,0.88,0.85,0.85,0.5,,,
faithfulness-haar,latitude_bands,raw,FFNN(raw),,,,,33,300,haar_10,nan,2007,,0.8933333333333333,0.82,0.8200000000000001,0.5,,,
faithfulness-haar,latitude_bands,raw,FFNN(raw),,,,,33,300,haar_10,nan,2008,,0.8833333333333333,0.86,0.8600000000000001,0.5,,,
faithfulness-haar,latitude_bands,raw,FFNN(raw),,,,,33,300,haar_10,nan,2009,,0.9,0.8,0.8,0.5,,,
faithfulness-haar,latitude_bands,bloch,VQC,,,,,12,300,haar_11,nan,2000,,0.91,0.83,0.8300000000000001,0.5,,,
faithfulness-haar,latitude_bands,bloch,VQC,,,,,12,300,haar_11,nan,2001,,0.8566666666666667,0.86,0.86,0.5,,,
faithfulness-haar,latitude_bands,bloch,VQC,,,,,12,300,haar_11,nan,2002,,0.89,0.86,0.86,0.5,,,
faithfulness-haar,latitude_bands,bloch,VQC,,,,,12,300,haar_11,nan,2003,,0.91,0.86,0.86,0.5,,,
faithfulness-haar,latitude_bands,bloch,VQC,,,,,12,300,haar_11,nan,2004,,0.92,0.87,0.87,0.5,,,
faithfulness-haar,latitude_bands,bloch,VQC,,,,,12,300,haar_11,nan,2005,,0.9,0.89,0.89,0.5,,,
faithfulness-haar,latitude_bands,bloch,VQC,,,,,12,300,haar_11,nan,2006,,0.9066666666666666,0.81,0.81,0.5,,,
faithfulness-haar,latitude_bands,bloch,VQC,,,,,12,300,haar_11,nan,2007,,0.8966666666666666,0.81,0.81,0.5,,,
faithfulness-haar,latitude_bands,bloch,VQC,,,,,12,300,haar_11,nan,2008,,0.8833333333333333,0.87,0.87,0.5,,,
faithfulness-haar,latitude_bands,bloch,VQC,,,,,12,300,haar_11,nan,2009,,0.9033333333333333,0.84,0.84,0.5,,,
faithfulness-haar,latitude_bands,cartesian,FFNN(cartesian),,,,,41,300,haar_11,nan,2000,,0.92,0.85,0.85,0.5,,,
faithfulness-haar,latitude_bands,cartesian,FFNN(cartesian),,,,,41,300,haar_11,nan,2001,,0.8633333333333333,0.88,0.88,0.5,,,
faithfulness-haar,latitude_bands,cartesian,FFNN(cartesian),,,,,41,300,haar_11,nan,2002,,0.9033333333333333,0.89,0.8899999999999999,0.5,,,
faithfulness-haar,latitude_bands,cartesian,FFNN(cartesian),,,,,41,300,haar_11,nan,2003,,0.91,0.84,0.84,0.5,,,
faithfulness-haar,latitude_bands,cartesian,FFNN(cartesian),,,,,41,300,haar_11,nan,2004,,0.9266666666666666,0.88,0.88,0.5,,,
faithfulness-haar,latitude_bands,cartesian,FFNN(cartesian),,,,,41,300,haar_11,nan,2005,,0.9,0.9,0.9,0.5,,,
faithfulness-haar,latitude_bands,cartesian,FFNN(cartesian),,,,,41,300,haar_11,nan,2006,,0.91,0.84,0.8400000000000001,0.5,,,
faithfulness-haar,latitude_bands,cartesian,FFNN(cartesian),,,,,41,300,haar_11,nan,2007,,0.8933333333333333,0.8,0.8,0.5,,,
faithfulness-haar,latitude_bands,cartesian,FFNN(cartesian),,,,,41,300,haar_11,nan,2008,,0.9066666666666666,0.88,0.8799999999999999,0.5,,,
faithfulness-haar,latitude_bands,cartesian,FFNN(cartesian),,,,,41,300,haar_11,nan,2009,,0.9,0.84,0.84,0.5,,,
faithfulness-haar,latitude_bands,sincos,FFNN(sincos),,,,,49,300,haar_11,nan,2000,,0.9233333333333333,0.82,0.8200000000000001,0.5,,,
faithfulness-haar,latitude_bands,sincos,FFNN(sincos),,,,,49,300,haar_11,nan,2001,,0.87,0.85,0.85,0.5,,,
faithfulness-haar,latitude_bands,sincos,FFNN(sincos),,,,,49,300,haar_11,nan,2002,,0.9033333333333333,0.86,0.86,0.5,,,
faithfulness-haar,latitude_bands,sincos,FFNN(sincos),,,,,49,300,haar_11,nan,2003,,0.93,0.86,0.86,0.5,,,
faithfulness-haar,latitude_bands,sincos,FFNN(sincos),,,,,49,300,haar_11,nan,2004,,0.93,0.88,0.88,0.5,,,
faithfulness-haar,latitude_bands,sincos,FFNN(sincos),,,,,49,300,haar_11,nan,2005,,0.91,0.9,0.9,0.5,,,
faithfulness-haar,latitude_bands,sincos,FFNN(sincos),,,,,49,300,haar_11,nan,2006,,0.92,0.86,0.8600000000000001,0.5,,,
faithfulness-haar,latitude_bands,sincos,FFNN(sincos),,,,,49,300,haar_11,nan,2007,,0.8733333333333333,0.83,0.83,0.5,,,
faithfulness-haar,latitude_bands,sincos,FFNN(sincos),,,,,49,300,haar_11,nan,2008,,0.9066666666666666,0.86,0.8600000000000001,0.5,,,
faithfulness-haar,latitude_bands,sincos,FFNN(sincos),,,,,49,300,haar_11,nan,2009,,0.91,0.81,0.81,0.5,,,
faithfulness-haar,latitude_bands,raw,FFNN(raw),,,,,33,300,haar_11,nan,2000,,0.9033333333333333,0.84,0.84,0.5,,,
faithfulness-haar,latitude_bands,raw,FFNN(raw),,,,,33,300,haar_11,nan,2001,,0.8633333333333333,0.9,0.8999999999999999,0.5,,,
faithfulness-haar,latitude_bands,raw,FFNN(raw),,,,,33,300,haar_11,nan,2002,,0.8933333333333333,0.84,0.8400000000000001,0.5,,,
faithfulness-haar,latitude_bands,raw,FFNN(raw),,,,,33,300,haar_11,nan,2003,,0.9033333333333333,0.85,0.8500000000000001,0.5,,,
faithfulness-haar,latitude_bands,raw,FFNN(raw),,,,,33,300,haar_11,nan,2004,,0.8966666666666666,0.86,0.86,0.5,,,
faithfulness-haar,latitude_bands,raw,FFNN(raw),,,,,33,300,haar_11,nan,2005,,0.8866666666666667,0.86,0.86,0.5,,,
faithfulness-haar,latitude_bands,raw,FFNN(raw),,,,,33,300,haar_11,nan,2006,,0.9033333333333333,0.85,0.85,0.5,,,
faithfulness-haar,latitude_bands,raw,FFNN(raw),,,,,33,300,haar_11,nan,2007,,0.8633333333333333,0.81,0.81,0.5,,,
faithfulness-haar,latitude_bands,raw,FFNN(raw),,,,,33,300,haar_11,nan,2008,,0.8933333333333333,0.87,0.87,0.5,,,
faithfulness-haar,latitude_bands,raw,FFNN(raw),,,,,33,300,haar_11,nan,2009,,0.88,0.85,0.85,0.5,,,
sample-efficiency,latitude_bands,bloch,VQC,,,,,12,10,polar,,2000,,0.9,0.53,0.53,0.6,,,
sample-efficiency,latitude_bands,bloch,VQC,,,,,12,10,polar,,2001,,0.8,0.89,0.89,0.6,,,
sample-efficiency,latitude_bands,bloch,VQC,,,,,12,10,polar,,2002,,0.8,0.65,0.65,0.6,,,
sample-efficiency,latitude_bands,bloch,VQC,,,,,12,10,polar,,2003,,0.9,0.63,0.63,0.6,,,
sample-efficiency,latitude_bands,bloch,VQC,,,,,12,10,polar,,2004,,1.0,0.87,0.87,0.6,,,
sample-efficiency,latitude_bands,bloch,VQC,,,,,12,10,polar,,2005,,0.8,0.73,0.73,0.7,,,
sample-efficiency,latitude_bands,bloch,VQC,,,,,12,10,polar,,2006,,1.0,0.82,0.8200000000000001,0.6,,,
sample-efficiency,latitude_bands,bloch,VQC,,,,,12,10,polar,,2007,,0.9,0.73,0.73,0.7,,,
sample-efficiency,latitude_bands,bloch,VQC,,,,,12,10,polar,,2008,,1.0,0.77,0.77,0.5,,,
sample-efficiency,latitude_bands,bloch,VQC,,,,,12,10,polar,,2009,,0.9,0.82,0.8200000000000001,0.7,,,
sample-efficiency,latitude_bands,bloch,VQC,,,,,12,10,polar,,2010,,0.9,0.85,0.85,0.5,,,
sample-efficiency,latitude_bands,bloch,VQC,,,,,12,10,polar,,2011,,0.9,0.64,0.64,0.7,,,
sample-efficiency,latitude_bands,bloch,VQC,,,,,12,10,polar,,2012,,0.9,0.66,0.6599999999999999,0.7,,,
sample-efficiency,latitude_bands,bloch,VQC,,,,,12,10,polar,,2013,,1.0,0.79,0.79,0.6,,,
sample-efficiency,latitude_bands,bloch,VQC,,,,,12,10,polar,,2014,,0.8,0.67,0.6699999999999999,0.5,,,
sample-efficiency,latitude_bands,bloch,VQC,,,,,12,10,polar,,2015,,0.9,0.65,0.65,0.5,,,
sample-efficiency,latitude_bands,bloch,VQC,,,,,12,10,polar,,2016,,1.0,0.63,0.63,0.6,,,
sample-efficiency,latitude_bands,bloch,VQC,,,,,12,10,polar,,2017,,1.0,0.61,0.61,0.5,,,
sample-efficiency,latitude_bands,bloch,VQC,,,,,12,10,polar,,2018,,1.0,0.56,0.56,0.5,,,
sample-efficiency,latitude_bands,bloch,VQC,,,,,12,10,polar,,2019,,0.9,0.69,0.69,0.7,,,
sample-efficiency,latitude_bands,cartesian,FFNN(cartesian),,,,,41,10,polar,,2000,,1.0,0.66,0.66,0.6,,,
sample-efficiency,latitude_bands,cartesian,FFNN(cartesian),,,,,41,10,polar,,2001,,1.0,0.78,0.78,0.6,,,
sample-efficiency,latitude_bands,cartesian,FFNN(cartesian),,,,,41,10,polar,,2002,,1.0,0.86,0.86,0.6,,,
sample-efficiency,latitude_bands,cartesian,FFNN(cartesian),,,,,41,10,polar,,2003,,1.0,0.67,0.67,0.6,,,
sample-efficiency,latitude_bands,cartesian,FFNN(cartesian),,,,,41,10,polar,,2004,,1.0,0.87,0.87,0.6,,,
sample-efficiency,latitude_bands,cartesian,FFNN(cartesian),,,,,41,10,polar,,2005,,1.0,0.76,0.76,0.7,,,
sample-efficiency,latitude_bands,cartesian,FFNN(cartesian),,,,,41,10,polar,,2006,,1.0,0.71,0.71,0.6,,,
sample-efficiency,latitude_bands,cartesian,FFNN(cartesian),,,,,41,10,polar,,2007,,1.0,0.66,0.6599999999999999,0.7,,,
sample-efficiency,latitude_bands,cartesian,FFNN(cartesian),,,,,41,10,polar,,2008,,1.0,0.84,0.8400000000000001,0.5,,,
sample-efficiency,latitude_bands,cartesian,FFNN(cartesian),,,,,41,10,polar,,2009,,1.0,0.73,0.73,0.7,,,
sample-efficiency,latitude_bands,cartesian,FFNN(cartesian),,,,,41,10,polar,,2010,,1.0,0.8,0.8,0.5,,,
sample-efficiency,latitude_bands,cartesian,FFNN(cartesian),,,,,41,10,polar,,2011,,1.0,0.67,0.6699999999999999,0.7,,,
sample-efficiency,latitude_bands,cartesian,FFNN(cartesian),,,,,41,10,polar,,2012,,1.0,0.75,0.75,0.7,,,
sample-efficiency,latitude_bands,cartesian,FFNN(cartesian),,,,,41,10,polar,,2013,,1.0,0.86,0.86,0.6,,,
sample-efficiency,latitude_bands,cartesian,FFNN(cartesian),,,,,41,10,polar,,2014,,1.0,0.78,0.78,0.5,,,
sample-efficiency,latitude_bands,cartesian,FFNN(cartesian),,,,,41,10,polar,,2015,,1.0,0.8,0.8,0.5,,,
sample-efficiency,latitude_bands,cartesian,FFNN(cartesian),,,,,41,10,polar,,2016,,1.0,0.76,0.76,0.6,,,
sample-efficiency,latitude_bands,cartesian,FFNN(cartesian),,,,,41,10,polar,,2017,,1.0,0.84,0.84,0.5,,,
sample-efficiency,latitude_bands,cartesian,FFNN(cartesian),,,,,41,10,polar,,2018,,1.0,0.75,0.75,0.5,,,
sample-efficiency,latitude_bands,cartesian,FFNN(cartesian),,,,,41,10,polar,,2019,,1.0,0.78,0.78,0.7,,,
sample-efficiency,latitude_bands,sincos,FFNN(sincos),,,,,49,10,polar,,2000,,1.0,0.71,0.71,0.6,,,
sample-efficiency,latitude_bands,sincos,FFNN(sincos),,,,,49,10,polar,,2001,,1.0,0.79,0.79,0.6,,,
sample-efficiency,latitude_bands,sincos,FFNN(sincos),,,,,49,10,polar,,2002,,1.0,0.83,0.83,0.6,,,
sample-efficiency,latitude_bands,sincos,FFNN(sincos),,,,,49,10,polar,,2003,,1.0,0.73,0.73,0.6,,,
sample-efficiency,latitude_bands,sincos,FFNN(sincos),,,,,49,10,polar,,2004,,1.0,0.87,0.87,0.6,,,
sample-efficiency,latitude_bands,sincos,FFNN(sincos),,,,,49,10,polar,,2005,,1.0,0.83,0.83,0.7,,,
sample-efficiency,latitude_bands,sincos,FFNN(sincos),,,,,49,10,polar,,2006,,1.0,0.67,0.6699999999999999,0.6,,,
sample-efficiency,latitude_bands,sincos,FFNN(sincos),,,,,49,10,polar,,2007,,0.9,0.66,0.6599999999999999,0.7,,,
sample-efficiency,latitude_bands,sincos,FFNN(sincos),,,,,49,10,polar,,2008,,1.0,0.83,0.8300000000000001,0.5,,,
sample-efficiency,latitude_bands,sincos,FFNN(sincos),,,,,49,10,polar,,2009,,1.0,0.76,0.76,0.7,,,
sample-efficiency,latitude_bands,sincos,FFNN(sincos),,,,,49,10,polar,,2010,,1.0,0.71,0.71,0.5,,,
sample-efficiency,latitude_bands,sincos,FFNN(sincos),,,,,49,10,polar,,2011,,1.0,0.57,0.5700000000000001,0.7,,,
sample-efficiency,latitude_bands,sincos,FFNN(sincos),,,,,49,10,polar,,2012,,1.0,0.83,0.83,0.7,,,
sample-efficiency,latitude_bands,sincos,FFNN(sincos),,,,,49,10,polar,,2013,,1.0,0.84,0.84,0.6,,,
sample-efficiency,latitude_bands,sincos,FFNN(sincos),,,,,49,10,polar,,2014,,1.0,0.72,0.72,0.5,,,
sample-efficiency,latitude_bands,sincos,FFNN(sincos),,,,,49,10,polar,,2015,,1.0,0.9,0.9,0.5,,,
sample-efficiency,latitude_bands,sincos,FFNN(sincos),,,,,49,10,polar,,2016,,1.0,0.77,0.77,0.6,,,
sample-efficiency,latitude_bands,sincos,FFNN(sincos),,,,,49,10,polar,,2017,,1.0,0.84,0.8400000000000001,0.5,,,
sample-efficiency,latitude_bands,sincos,FFNN(sincos),,,,,49,10,polar,,2018,,1.0,0.7,0.7,0.5,,,
sample-efficiency,latitude_bands,sincos,FFNN(sincos),,,,,49,10,polar,,2019,,1.0,0.8,0.8,0.7,,,
sample-efficiency,latitude_bands,raw,FFNN(raw),,,,,33,10,polar,,2000,,1.0,0.53,0.53,0.6,,,
sample-efficiency,latitude_bands,raw,FFNN(raw),,,,,33,10,polar,,2001,,0.7,0.54,0.54,0.6,,,
sample-efficiency,latitude_bands,raw,FFNN(raw),,,,,33,10,polar,,2002,,0.9,0.6,0.6,0.6,,,
sample-efficiency,latitude_bands,raw,FFNN(raw),,,,,33,10,polar,,2003,,1.0,0.57,0.57,0.6,,,
sample-efficiency,latitude_bands,raw,FFNN(raw),,,,,33,10,polar,,2004,,1.0,0.87,0.87,0.6,,,
sample-efficiency,latitude_bands,raw,FFNN(raw),,,,,33,10,polar,,2005,,0.8,0.56,0.56,0.7,,,
sample-efficiency,latitude_bands,raw,FFNN(raw),,,,,33,10,polar,,2006,,1.0,0.64,0.64,0.6,,,
sample-efficiency,latitude_bands,raw,FFNN(raw),,,,,33,10,polar,,2007,,1.0,0.58,0.58,0.7,,,
sample-efficiency,latitude_bands,raw,FFNN(raw),,,,,33,10,polar,,2008,,1.0,0.69,0.69,0.5,,,
sample-efficiency,latitude_bands,raw,FFNN(raw),,,,,33,10,polar,,2009,,1.0,0.63,0.63,0.7,,,
sample-efficiency,latitude_bands,raw,FFNN(raw),,,,,33,10,polar,,2010,,1.0,0.69,0.69,0.5,,,
sample-efficiency,latitude_bands,raw,FFNN(raw),,,,,33,10,polar,,2011,,1.0,0.63,0.63,0.7,,,
sample-efficiency,latitude_bands,raw,FFNN(raw),,,,,33,10,polar,,2012,,1.0,0.73,0.73,0.7,,,
sample-efficiency,latitude_bands,raw,FFNN(raw),,,,,33,10,polar,,2013,,0.6,0.53,0.53,0.6,,,
sample-efficiency,latitude_bands,raw,FFNN(raw),,,,,33,10,polar,,2014,,1.0,0.69,0.69,0.5,,,
sample-efficiency,latitude_bands,raw,FFNN(raw),,,,,33,10,polar,,2015,,1.0,0.87,0.87,0.5,,,
sample-efficiency,latitude_bands,raw,FFNN(raw),,,,,33,10,polar,,2016,,1.0,0.69,0.69,0.6,,,
sample-efficiency,latitude_bands,raw,FFNN(raw),,,,,33,10,polar,,2017,,1.0,0.83,0.83,0.5,,,
sample-efficiency,latitude_bands,raw,FFNN(raw),,,,,33,10,polar,,2018,,0.8,0.55,0.55,0.5,,,
sample-efficiency,latitude_bands,raw,FFNN(raw),,,,,33,10,polar,,2019,,1.0,0.81,0.81,0.7,,,
sample-efficiency,latitude_bands,bloch,VQC,,,,,12,20,polar,,2000,,0.75,0.85,0.8500000000000001,0.5,,,
sample-efficiency,latitude_bands,bloch,VQC,,,,,12,20,polar,,2001,,0.95,0.8,0.8,0.5,,,
sample-efficiency,latitude_bands,bloch,VQC,,,,,12,20,polar,,2002,,0.95,0.85,0.8500000000000001,0.6,,,
sample-efficiency,latitude_bands,bloch,VQC,,,,,12,20,polar,,2003,,0.9,0.72,0.72,0.85,,,
sample-efficiency,latitude_bands,bloch,VQC,,,,,12,20,polar,,2004,,0.85,0.79,0.79,0.65,,,
sample-efficiency,latitude_bands,bloch,VQC,,,,,12,20,polar,,2005,,0.95,0.91,0.91,0.65,,,
sample-efficiency,latitude_bands,bloch,VQC,,,,,12,20,polar,,2006,,0.85,0.77,0.77,0.55,,,
sample-efficiency,latitude_bands,bloch,VQC,,,,,12,20,polar,,2007,,0.95,0.83,0.83,0.6,,,
sample-efficiency,latitude_bands,bloch,VQC,,,,,12,20,polar,,2008,,0.9,0.79,0.79,0.6,,,
sample-efficiency,latitude_bands,bloch,VQC,,,,,12,20,polar,,2009,,0.85,0.77,0.77,0.55,,,
sample-efficiency,latitude_bands,bloch,VQC,,,,,12,20,polar,,2010,,0.8,0.74,0.74,0.55,,,
sample-efficiency,latitude_bands,bloch,VQC,,,,,12,20,polar,,2011,,0.9,0.71,0.71,0.6,,,
sample-efficiency,latitude_bands,bloch,VQC,,,,,12,20,polar,,2012,,0.95,0.74,0.74,0.6,,,
sample-efficiency,latitude_bands,bloch,VQC,,,,,12,20,polar,,2013,,0.85,0.84,0.8400000000000001,0.6,,,
sample-efficiency,latitude_bands,bloch,VQC,,,,,12,20,polar,,2014,,0.95,0.78,0.78,0.65,,,
sample-efficiency,latitude_bands,bloch,VQC,,,,,12,20,polar,,2015,,0.85,0.58,0.5800000000000001,0.5,,,
sample-efficiency,latitude_bands,bloch,VQC,,,,,12,20,polar,,2016,,0.85,0.79,0.79,0.6,,,
sample-efficiency,latitude_bands,bloch,VQC,,,,,12,20,polar,,2017,,0.75,0.64,0.64,0.7,,,
sample-efficiency,latitude_bands,bloch,VQC,,,,,12,20,polar,,2018,,0.85,0.8,0.8,0.75,,,
sample-efficiency,latitude_bands,bloch,VQC,,,,,12,20,polar,,2019,,0.8,0.61,0.61,0.55,,,
sample-efficiency,latitude_bands,cartesian,FFNN(cartesian),,,,,41,20,polar,,2000,,1.0,0.75,0.75,0.5,,,
sample-efficiency,latitude_bands,cartesian,FFNN(cartesian),,,,,41,20,polar,,2001,,1.0,0.84,0.8400000000000001,0.5,,,
sample-efficiency,latitude_bands,cartesian,FFNN(cartesian),,,,,41,20,polar,,2002,,1.0,0.79,0.79,0.6,,,
sample-efficiency,latitude_bands,cartesian,FFNN(cartesian),,,,,41,20,polar,,2003,,1.0,0.7,0.7,0.85,,,
sample-efficiency,latitude_bands,cartesian,FFNN(cartesian),,,,,41,20,polar,,2004,,1.0,0.76,0.76,0.65,,,
sample-efficiency,latitude_bands,cartesian,FFNN(cartesian),,,,,41,20,polar,,2005,,1.0,0.79,0.79,0.65,,,
sample-efficiency,latitude_bands,cartesian,FFNN(cartesian),,,,,41,20,polar,,2006,,1.0,0.83,0.8300000000000001,0.55,,,
sample-efficiency,latitude_bands,cartesian,FFNN(cartesian),,,,,41,20,polar,,2007,,1.0,0.83,0.83,0.6,,,
sample-efficiency,latitude_bands,cartesian,FFNN(cartesian),,,,,41,20,polar,,2008,,1.0,0.89,0.89,0.6,,,
sample-efficiency,latitude_bands,cartesian,FFNN(cartesian),,,,,41,20,polar,,2009,,1.0,0.82,0.8200000000000001,0.55,,,
sample-efficiency,latitude_bands,cartesian,FFNN(cartesian),,,,,41,20,polar,,2010,,0.95,0.74,0.74,0.55,,,
sample-efficiency,latitude_bands,cartesian,FFNN(cartesian),,,,,41,20,polar,,2011,,0.95,0.87,0.87,0.6,,,
sample-efficiency,latitude_bands,cartesian,FFNN(cartesian),,,,,41,20,polar,,2012,,1.0,0.74,0.74,0.6,,,
sample-efficiency,latitude_bands,cartesian,FFNN(cartesian),,,,,41,20,polar,,2013,,0.9,0.81,0.81,0.6,,,
sample-efficiency,latitude_bands,cartesian,FFNN(cartesian),,,,,41,20,polar,,2014,,1.0,0.9,0.8999999999999999,0.65,,,
sample-efficiency,latitude_bands,cartesian,FFNN(cartesian),,,,,41,20,polar,,2015,,1.0,0.8,0.8,0.5,,,
sample-efficiency,latitude_bands,cartesian,FFNN(cartesian),,,,,41,20,polar,,2016,,1.0,0.78,0.78,0.6,,,
sample-efficiency,latitude_bands,cartesian,FFNN(cartesian),,,,,41,20,polar,,2017,,1.0,0.77,0.77,0.7,,,
sample-efficiency,latitude_bands,cartesian,FFNN(cartesian),,,,,41,20,polar,,2018,,1.0,0.81,0.81,0.75,,,
sample-efficiency,latitude_bands,cartesian,FFNN(cartesian),,,,,41,20,polar,,2019,,0.95,0.8,0.8,0.55,,,
sample-efficiency,latitude_bands,sincos,FFNN(sincos),,,,,49,20,polar,,2000,,0.95,0.76,0.76,0.5,,,
sample-efficiency,latitude_bands,sincos,FFNN(sincos),,,,,49,20,polar,,2001,,1.0,0.84,0.8400000000000001,0.5,,,
sample-efficiency,latitude_bands,sincos,FFNN(sincos),,,,,49,20,polar,,2002,,1.0,0.79,0.79,0.6,,,
sample-efficiency,latitude_bands,sincos,FFNN(sincos),,,,,49,20,polar,,2003,,1.0,0.76,0.76,0.85,,,
sample-efficiency,latitude_bands,sincos,FFNN(sincos),,,,,49,20,polar,,2004,,1.0,0.8,0.8,0.65,,,
sample-efficiency,latitude_bands,sincos,FFNN(sincos),,,,,49,20,polar,,2005,,1.0,0.77,0.77,0.65,,,
sample-efficiency,latitude_bands,sincos,FFNN(sincos),,,,,49,20,polar,,2006,,1.0,0.79,0.79,0.55,,,
sample-efficiency,latitude_bands,sincos,FFNN(sincos),,,,,49,20,polar,,2007,,1.0,0.84,0.8400000000000001,0.6,,,
sample-efficiency,latitude_bands,sincos,FFNN(sincos),,,,,49,20,polar,,2008,,1.0,0.86,0.86,0.6,,,
sample-efficiency,latitude_bands,sincos,FFNN(sincos),,,,,49,20,polar,,2009,,1.0,0.84,0.84,0.55,,,
sample-efficiency,latitude_bands,sincos,FFNN(sincos),,,,,49,20,polar,,2010,,1.0,0.68,0.6799999999999999,0.55,,,
sample-efficiency,latitude_bands,sincos,FFNN(sincos),,,,,49,20,polar,,2011,,1.0,0.83,0.83,0.6,,,
sample-efficiency,latitude_bands,sincos,FFNN(sincos),,,,,49,20,polar,,2012,,1.0,0.79,0.79,0.6,,,
sample-efficiency,latitude_bands,sincos,FFNN(sincos),,,,,49,20,polar,,2013,,0.9,0.78,0.78,0.6,,,
sample-efficiency,latitude_bands,sincos,FFNN(sincos),,,,,49,20,polar,,2014,,1.0,0.86,0.86,0.65,,,
sample-efficiency,latitude_bands,sincos,FFNN(sincos),,,,,49,20,polar,,2015,,1.0,0.8,0.8,0.5,,,
sample-efficiency,latitude_bands,sincos,FFNN(sincos),,,,,49,20,polar,,2016,,1.0,0.77,0.77,0.6,,,
sample-efficiency,latitude_bands,sincos,FFNN(sincos),,,,,49,20,polar,,2017,,1.0,0.78,0.78,0.7,,,
sample-efficiency,latitude_bands,sincos,FFNN(sincos),,,,,49,20,polar,,2018,,1.0,0.77,0.77,0.75,,,
sample-efficiency,latitude_bands,sincos,FFNN(sincos),,,,,49,20,polar,,2019,,1.0,0.71,0.71,0.55,,,
sample-efficiency,latitude_bands,raw,FFNN(raw),,,,,33,20,polar,,2000,,0.85,0.76,0.76,0.5,,,
sample-efficiency,latitude_bands,raw,FFNN(raw),,,,,33,20,polar,,2001,,1.0,0.76,0.76,0.5,,,
sample-efficiency,latitude_bands,raw,FFNN(raw),,,,,33,20,polar,,2002,,0.85,0.68,0.6799999999999999,0.6,,,
sample-efficiency,latitude_bands,raw,FFNN(raw),,,,,33,20,polar,,2003,,0.9,0.56,0.56,0.85,,,
sample-efficiency,latitude_bands,raw,FFNN(raw),,,,,33,20,polar,,2004,,0.95,0.72,0.72,0.65,,,
sample-efficiency,latitude_bands,raw,FFNN(raw),,,,,33,20,polar,,2005,,0.8,0.61,0.61,0.65,,,
sample-efficiency,latitude_bands,raw,FFNN(raw),,,,,33,20,polar,,2006,,1.0,0.75,0.75,0.55,,,
sample-efficiency,latitude_bands,raw,FFNN(raw),,,,,33,20,polar,,2007,,0.95,0.76,0.76,0.6,,,
sample-efficiency,latitude_bands,raw,FFNN(raw),,,,,33,20,polar,,2008,,1.0,0.79,0.79,0.6,,,
sample-efficiency,latitude_bands,raw,FFNN(raw),,,,,33,20,polar,,2009,,1.0,0.77,0.77,0.55,,,
sample-efficiency,latitude_bands,raw,FFNN(raw),,,,,33,20,polar,,2010,,0.9,0.63,0.63,0.55,,,
sample-efficiency,latitude_bands,raw,FFNN(raw),,,,,33,20,polar,,2011,,0.95,0.79,0.79,0.6,,,
sample-efficiency,latitude_bands,raw,FFNN(raw),,,,,33,20,polar,,2012,,1.0,0.74,0.74,0.6,,,
sample-efficiency,latitude_bands,raw,FFNN(raw),,,,,33,20,polar,,2013,,0.8,0.73,0.73,0.6,,,
sample-efficiency,latitude_bands,raw,FFNN(raw),,,,,33,20,polar,,2014,,1.0,0.89,0.8899999999999999,0.65,,,
sample-efficiency,latitude_bands,raw,FFNN(raw),,,,,33,20,polar,,2015,,1.0,0.75,0.75,0.5,,,
sample-efficiency,latitude_bands,raw,FFNN(raw),,,,,33,20,polar,,2016,,0.9,0.74,0.74,0.6,,,
sample-efficiency,latitude_bands,raw,FFNN(raw),,,,,33,20,polar,,2017,,0.9,0.55,0.55,0.7,,,
sample-efficiency,latitude_bands,raw,FFNN(raw),,,,,33,20,polar,,2018,,0.85,0.75,0.75,0.75,,,
sample-efficiency,latitude_bands,raw,FFNN(raw),,,,,33,20,polar,,2019,,0.8,0.68,0.6799999999999999,0.55,,,
sample-efficiency,latitude_bands,bloch,VQC,,,,,12,40,polar,,2000,,0.925,0.82,0.8200000000000001,0.55,,,
sample-efficiency,latitude_bands,bloch,VQC,,,,,12,40,polar,,2001,,0.825,0.79,0.79,0.525,,,
sample-efficiency,latitude_bands,bloch,VQC,,,,,12,40,polar,,2002,,0.875,0.9,0.8999999999999999,0.525,,,
sample-efficiency,latitude_bands,bloch,VQC,,,,,12,40,polar,,2003,,0.85,0.79,0.79,0.525,,,
sample-efficiency,latitude_bands,bloch,VQC,,,,,12,40,polar,,2004,,0.95,0.9,0.9,0.55,,,
sample-efficiency,latitude_bands,bloch,VQC,,,,,12,40,polar,,2005,,0.875,0.79,0.79,0.5,,,
sample-efficiency,latitude_bands,bloch,VQC,,,,,12,40,polar,,2006,,0.85,0.82,0.8200000000000001,0.6,,,
sample-efficiency,latitude_bands,bloch,VQC,,,,,12,40,polar,,2007,,0.8,0.8,0.8,0.5,,,
sample-efficiency,latitude_bands,bloch,VQC,,,,,12,40,polar,,2008,,0.8,0.84,0.84,0.55,,,
sample-efficiency,latitude_bands,bloch,VQC,,,,,12,40,polar,,2009,,0.95,0.77,0.77,0.575,,,
sample-efficiency,latitude_bands,bloch,VQC,,,,,12,40,polar,,2010,,0.925,0.8,0.8,0.7,,,
sample-efficiency,latitude_bands,bloch,VQC,,,,,12,40,polar,,2011,,0.95,0.83,0.8300000000000001,0.525,,,
sample-efficiency,latitude_bands,bloch,VQC,,,,,12,40,polar,,2012,,0.875,0.84,0.8400000000000001,0.525,,,
sample-efficiency,latitude_bands,bloch,VQC,,,,,12,40,polar,,2013,,0.9,0.79,0.79,0.575,,,
sample-efficiency,latitude_bands,bloch,VQC,,,,,12,40,polar,,2014,,0.8,0.91,0.9099999999999999,0.55,,,
sample-efficiency,latitude_bands,bloch,VQC,,,,,12,40,polar,,2015,,0.875,0.76,0.76,0.575,,,
sample-efficiency,latitude_bands,bloch,VQC,,,,,12,40,polar,,2016,,0.9,0.77,0.77,0.55,,,
sample-efficiency,latitude_bands,bloch,VQC,,,,,12,40,polar,,2017,,0.8,0.77,0.77,0.575,,,
sample-efficiency,latitude_bands,bloch,VQC,,,,,12,40,polar,,2018,,0.85,0.85,0.85,0.525,,,
sample-efficiency,latitude_bands,bloch,VQC,,,,,12,40,polar,,2019,,0.8,0.88,0.88,0.525,,,
sample-efficiency,latitude_bands,cartesian,FFNN(cartesian),,,,,41,40,polar,,2000,,1.0,0.82,0.82,0.55,,,
sample-efficiency,latitude_bands,cartesian,FFNN(cartesian),,,,,41,40,polar,,2001,,0.9,0.84,0.8400000000000001,0.525,,,
sample-efficiency,latitude_bands,cartesian,FFNN(cartesian),,,,,41,40,polar,,2002,,1.0,0.79,0.79,0.525,,,
sample-efficiency,latitude_bands,cartesian,FFNN(cartesian),,,,,41,40,polar,,2003,,1.0,0.82,0.8200000000000001,0.525,,,
sample-efficiency,latitude_bands,cartesian,FFNN(cartesian),,,,,41,40,polar,,2004,,0.975,0.85,0.85,0.55,,,
sample-efficiency,latitude_bands,cartesian,FFNN(cartesian),,,,,41,40,polar,,2005,,0.95,0.88,0.88,0.5,,,
sample-efficiency,latitude_bands,cartesian,FFNN(cartesian),,,,,41,40,polar,,2006,,0.975,0.8,0.8,0.6,,,
sample-efficiency,latitude_bands,cartesian,FFNN(cartesian),,,,,41,40,polar,,2007,,0.85,0.76,0.76,0.5,,,
sample-efficiency,latitude_bands,cartesian,FFNN(cartesian),,,,,41,40,polar,,2008,,0.925,0.74,0.74,0.55,,,
sample-efficiency,latitude_bands,cartesian,FFNN(cartesian),,,,,41,40,polar,,2009,,1.0,0.8,0.8,0.575,,,
sample-efficiency,latitude_bands,cartesian,FFNN(cartesian),,,,,41,40,polar,,2010,,1.0,0.73,0.73,0.7,,,
sample-efficiency,latitude_bands,cartesian,FFNN(cartesian),,,,,41,40,polar,,2011,,1.0,0.8,0.8,0.525,,,
sample-efficiency,latitude_bands,cartesian,FFNN(cartesian),,,,,41,40,polar,,2012,,0.95,0.77,0.77,0.525,,,
sample-efficiency,latitude_bands,cartesian,FFNN(cartesian),,,,,41,40,polar,,2013,,0.95,0.85,0.8500000000000001,0.575,,,
sample-efficiency,latitude_bands,cartesian,FFNN(cartesian),,,,,41,40,polar,,2014,,0.85,0.88,0.8799999999999999,0.55,,,
sample-efficiency,latitude_bands,cartesian,FFNN(cartesian),,,,,41,40,polar,,2015,,0.9,0.82,0.8200000000000001,0.575,,,
sample-efficiency,latitude_bands,cartesian,FFNN(cartesian),,,,,41,40,polar,,2016,,0.95,0.82,0.8200000000000001,0.55,,,
sample-efficiency,latitude_bands,cartesian,FFNN(cartesian),,,,,41,40,polar,,2017,,0.925,0.85,0.85,0.575,,,
sample-efficiency,latitude_bands,cartesian,FFNN(cartesian),,,,,41,40,polar,,2018,,0.975,0.81,0.81,0.525,,,
sample-efficiency,latitude_bands,cartesian,FFNN(cartesian),,,,,41,40,polar,,2019,,0.875,0.83,0.8300000000000001,0.525,,,
sample-efficiency,latitude_bands,sincos,FFNN(sincos),,,,,49,40,polar,,2000,,1.0,0.85,0.8500000000000001,0.55,,,
sample-efficiency,latitude_bands,sincos,FFNN(sincos),,,,,49,40,polar,,2001,,0.95,0.84,0.8400000000000001,0.525,,,
sample-efficiency,latitude_bands,sincos,FFNN(sincos),,,,,49,40,polar,,2002,,1.0,0.74,0.74,0.525,,,
sample-efficiency,latitude_bands,sincos,FFNN(sincos),,,,,49,40,polar,,2003,,0.95,0.84,0.84,0.525,,,
sample-efficiency,latitude_bands,sincos,FFNN(sincos),,,,,49,40,polar,,2004,,1.0,0.83,0.83,0.55,,,
sample-efficiency,latitude_bands,sincos,FFNN(sincos),,,,,49,40,polar,,2005,,0.95,0.83,0.8300000000000001,0.5,,,
sample-efficiency,latitude_bands,sincos,FFNN(sincos),,,,,49,40,polar,,2006,,0.95,0.82,0.8200000000000001,0.6,,,
sample-efficiency,latitude_bands,sincos,FFNN(sincos),,,,,49,40,polar,,2007,,0.8,0.7,0.7,0.5,,,
sample-efficiency,latitude_bands,sincos,FFNN(sincos),,,,,49,40,polar,,2008,,0.975,0.73,0.73,0.55,,,
sample-efficiency,latitude_bands,sincos,FFNN(sincos),,,,,49,40,polar,,2009,,1.0,0.76,0.76,0.575,,,
sample-efficiency,latitude_bands,sincos,FFNN(sincos),,,,,49,40,polar,,2010,,0.975,0.71,0.71,0.7,,,
sample-efficiency,latitude_bands,sincos,FFNN(sincos),,,,,49,40,polar,,2011,,1.0,0.78,0.78,0.525,,,
sample-efficiency,latitude_bands,sincos,FFNN(sincos),,,,,49,40,polar,,2012,,0.925,0.79,0.79,0.525,,,
sample-efficiency,latitude_bands,sincos,FFNN(sincos),,,,,49,40,polar,,2013,,1.0,0.85,0.8500000000000001,0.575,,,
sample-efficiency,latitude_bands,sincos,FFNN(sincos),,,,,49,40,polar,,2014,,0.875,0.83,0.83,0.55,,,
sample-efficiency,latitude_bands,sincos,FFNN(sincos),,,,,49,40,polar,,2015,,1.0,0.79,0.79,0.575,,,
sample-efficiency,latitude_bands,sincos,FFNN(sincos),,,,,49,40,polar,,2016,,0.975,0.83,0.8300000000000001,0.55,,,
sample-efficiency,latitude_bands,sincos,FFNN(sincos),,,,,49,40,polar,,2017,,0.975,0.84,0.84,0.575,,,
sample-efficiency,latitude_bands,sincos,FFNN(sincos),,,,,49,40,polar,,2018,,1.0,0.82,0.82,0.525,,,
sample-efficiency,latitude_bands,sincos,FFNN(sincos),,,,,49,40,polar,,2019,,0.85,0.81,0.81,0.525,,,
sample-efficiency,latitude_bands,raw,FFNN(raw),,,,,33,40,polar,,2000,,1.0,0.85,0.8500000000000001,0.55,,,
sample-efficiency,latitude_bands,raw,FFNN(raw),,,,,33,40,polar,,2001,,0.925,0.8,0.8,0.525,,,
sample-efficiency,latitude_bands,raw,FFNN(raw),,,,,33,40,polar,,2002,,0.975,0.74,0.74,0.525,,,
sample-efficiency,latitude_bands,raw,FFNN(raw),,,,,33,40,polar,,2003,,0.7,0.66,0.66,0.525,,,
sample-efficiency,latitude_bands,raw,FFNN(raw),,,,,33,40,polar,,2004,,0.975,0.8,0.8,0.55,,,
sample-efficiency,latitude_bands,raw,FFNN(raw),,,,,33,40,polar,,2005,,0.875,0.81,0.81,0.5,,,
sample-efficiency,latitude_bands,raw,FFNN(raw),,,,,33,40,polar,,2006,,0.85,0.82,0.8200000000000001,0.6,,,
sample-efficiency,latitude_bands,raw,FFNN(raw),,,,,33,40,polar,,2007,,0.8,0.57,0.5700000000000001,0.5,,,
sample-efficiency,latitude_bands,raw,FFNN(raw),,,,,33,40,polar,,2008,,0.9,0.78,0.78,0.55,,,
sample-efficiency,latitude_bands,raw,FFNN(raw),,,,,33,40,polar,,2009,,1.0,0.78,0.78,0.575,,,
sample-efficiency,latitude_bands,raw,FFNN(raw),,,,,33,40,polar,,2010,,0.975,0.72,0.72,0.7,,,
sample-efficiency,latitude_bands,raw,FFNN(raw),,,,,33,40,polar,,2011,,0.975,0.84,0.8400000000000001,0.525,,,
sample-efficiency,latitude_bands,raw,FFNN(raw),,,,,33,40,polar,,2012,,0.925,0.8,0.8,0.525,,,
sample-efficiency,latitude_bands,raw,FFNN(raw),,,,,33,40,polar,,2013,,0.95,0.83,0.8300000000000001,0.575,,,
sample-efficiency,latitude_bands,raw,FFNN(raw),,,,,33,40,polar,,2014,,0.8,0.83,0.8300000000000001,0.55,,,
sample-efficiency,latitude_bands,raw,FFNN(raw),,,,,33,40,polar,,2015,,0.925,0.78,0.78,0.575,,,
sample-efficiency,latitude_bands,raw,FFNN(raw),,,,,33,40,polar,,2016,,0.85,0.81,0.81,0.55,,,
sample-efficiency,latitude_bands,raw,FFNN(raw),,,,,33,40,polar,,2017,,0.9,0.86,0.8600000000000001,0.575,,,
sample-efficiency,latitude_bands,raw,FFNN(raw),,,,,33,40,polar,,2018,,0.975,0.8,0.8,0.525,,,
sample-efficiency,latitude_bands,raw,FFNN(raw),,,,,33,40,polar,,2019,,0.7,0.6,0.6,0.525,,,
sample-efficiency,latitude_bands,bloch,VQC,,,,,12,80,polar,,2000,,0.925,0.83,0.83,0.5125,,,
sample-efficiency,latitude_bands,bloch,VQC,,,,,12,80,polar,,2001,,0.85,0.89,0.89,0.55,,,
sample-efficiency,latitude_bands,bloch,VQC,,,,,12,80,polar,,2002,,0.875,0.82,0.8200000000000001,0.5375,,,
sample-efficiency,latitude_bands,bloch,VQC,,,,,12,80,polar,,2003,,0.9125,0.85,0.8500000000000001,0.625,,,
sample-efficiency,latitude_bands,bloch,VQC,,,,,12,80,polar,,2004,,0.875,0.85,0.85,0.5125,,,
sample-efficiency,latitude_bands,bloch,VQC,,,,,12,80,polar,,2005,,0.825,0.87,0.87,0.6,,,
sample-efficiency,latitude_bands,bloch,VQC,,,,,12,80,polar,,2006,,0.8875,0.86,0.86,0.5125,,,
sample-efficiency,latitude_bands,bloch,VQC,,,,,12,80,polar,,2007,,0.8875,0.81,0.81,0.55,,,
sample-efficiency,latitude_bands,bloch,VQC,,,,,12,80,polar,,2008,,0.8375,0.79,0.79,0.5,,,
sample-efficiency,latitude_bands,bloch,VQC,,,,,12,80,polar,,2009,,0.9,0.78,0.78,0.5125,,,
sample-efficiency,latitude_bands,bloch,VQC,,,,,12,80,polar,,2010,,0.8625,0.77,0.77,0.5625,,,
sample-efficiency,latitude_bands,bloch,VQC,,,,,12,80,polar,,2011,,0.8625,0.88,0.88,0.5125,,,
sample-efficiency,latitude_bands,bloch,VQC,,,,,12,80,polar,,2012,,0.9,0.83,0.8300000000000001,0.525,,,
sample-efficiency,latitude_bands,bloch,VQC,,,,,12,80,polar,,2013,,0.85,0.82,0.8200000000000001,0.575,,,
sample-efficiency,latitude_bands,bloch,VQC,,,,,12,80,polar,,2014,,0.85,0.86,0.86,0.525,,,
sample-efficiency,latitude_bands,bloch,VQC,,,,,12,80,polar,,2015,,0.85,0.87,0.87,0.525,,,
sample-efficiency,latitude_bands,bloch,VQC,,,,,12,80,polar,,2016,,0.8375,0.86,0.8600000000000001,0.5125,,,
sample-efficiency,latitude_bands,bloch,VQC,,,,,12,80,polar,,2017,,0.825,0.79,0.79,0.5875,,,
sample-efficiency,latitude_bands,bloch,VQC,,,,,12,80,polar,,2018,,0.8375,0.87,0.87,0.6125,,,
sample-efficiency,latitude_bands,bloch,VQC,,,,,12,80,polar,,2019,,0.8375,0.91,0.91,0.55,,,
sample-efficiency,latitude_bands,cartesian,FFNN(cartesian),,,,,41,80,polar,,2000,,0.9375,0.84,0.84,0.5125,,,
sample-efficiency,latitude_bands,cartesian,FFNN(cartesian),,,,,41,80,polar,,2001,,0.95,0.86,0.86,0.55,,,
sample-efficiency,latitude_bands,cartesian,FFNN(cartesian),,,,,41,80,polar,,2002,,0.9125,0.82,0.8200000000000001,0.5375,,,
sample-efficiency,latitude_bands,cartesian,FFNN(cartesian),,,,,41,80,polar,,2003,,0.9625,0.85,0.85,0.625,,,
sample-efficiency,latitude_bands,cartesian,FFNN(cartesian),,,,,41,80,polar,,2004,,0.875,0.84,0.8400000000000001,0.5125,,,
sample-efficiency,latitude_bands,cartesian,FFNN(cartesian),,,,,41,80,polar,,2005,,0.9125,0.86,0.86,0.6,,,
sample-efficiency,latitude_bands,cartesian,FFNN(cartesian),,,,,41,80,polar,,2006,,0.9125,0.84,0.8400000000000001,0.5125,,,
sample-efficiency,latitude_bands,cartesian,FFNN(cartesian),,,,,41,80,polar,,2007,,0.9125,0.81,0.81,0.55,,,
sample-efficiency,latitude_bands,cartesian,FFNN(cartesian),,,,,41,80,polar,,2008,,0.9,0.84,0.8400000000000001,0.5,,,
sample-efficiency,latitude_bands,cartesian,FFNN(cartesian),,,,,41,80,polar,,2009,,0.925,0.87,0.87,0.5125,,,
sample-efficiency,latitude_bands,cartesian,FFNN(cartesian),,,,,41,80,polar,,2010,,0.9375,0.85,0.8500000000000001,0.5625,,,
sample-efficiency,latitude_bands,cartesian,FFNN(cartesian),,,,,41,80,polar,,2011,,0.9125,0.82,0.8200000000000001,0.5125,,,
sample-efficiency,latitude_bands,cartesian,FFNN(cartesian),,,,,41,80,polar,,2012,,0.925,0.83,0.83,0.525,,,
sample-efficiency,latitude_bands,cartesian,FFNN(cartesian),,,,,41,80,polar,,2013,,0.875,0.85,0.8500000000000001,0.575,,,
sample-efficiency,latitude_bands,cartesian,FFNN(cartesian),,,,,41,80,polar,,2014,,0.8625,0.88,0.88,0.525,,,
sample-efficiency,latitude_bands,cartesian,FFNN(cartesian),,,,,41,80,polar,,2015,,0.8875,0.87,0.87,0.525,,,
sample-efficiency,latitude_bands,cartesian,FFNN(cartesian),,,,,41,80,polar,,2016,,0.95,0.83,0.83,0.5125,,,
sample-efficiency,latitude_bands,cartesian,FFNN(cartesian),,,,,41,80,polar,,2017,,0.9125,0.84,0.84,0.5875,,,
sample-efficiency,latitude_bands,cartesian,FFNN(cartesian),,,,,41,80,polar,,2018,,0.9375,0.79,0.79,0.6125,,,
sample-efficiency,latitude_bands,cartesian,FFNN(cartesian),,,,,41,80,polar,,2019,,0.875,0.84,0.8400000000000001,0.55,,,
sample-efficiency,latitude_bands,sincos,FFNN(sincos),,,,,49,80,polar,,2000,,0.975,0.81,0.81,0.5125,,,
sample-efficiency,latitude_bands,sincos,FFNN(sincos),,,,,49,80,polar,,2001,,0.95,0.84,0.8400000000000001,0.55,,,
sample-efficiency,latitude_bands,sincos,FFNN(sincos),,,,,49,80,polar,,2002,,0.9375,0.75,0.75,0.5375,,,
sample-efficiency,latitude_bands,sincos,FFNN(sincos),,,,,49,80,polar,,2003,,0.9625,0.88,0.88,0.625,,,
sample-efficiency,latitude_bands,sincos,FFNN(sincos),,,,,49,80,polar,,2004,,0.8875,0.87,0.87,0.5125,,,
sample-efficiency,latitude_bands,sincos,FFNN(sincos),,,,,49,80,polar,,2005,,0.925,0.88,0.88,0.6,,,
sample-efficiency,latitude_bands,sincos,FFNN(sincos),,,,,49,80,polar,,2006,,0.9625,0.83,0.8300000000000001,0.5125,,,
sample-efficiency,latitude_bands,sincos,FFNN(sincos),,,,,49,80,polar,,2007,,0.9375,0.82,0.8200000000000001,0.55,,,
sample-efficiency,latitude_bands,sincos,FFNN(sincos),,,,,49,80,polar,,2008,,0.925,0.8,0.8,0.5,,,
sample-efficiency,latitude_bands,sincos,FFNN(sincos),,,,,49,80,polar,,2009,,0.95,0.84,0.84,0.5125,,,
sample-efficiency,latitude_bands,sincos,FFNN(sincos),,,,,49,80,polar,,2010,,0.975,0.85,0.8500000000000001,0.5625,,,
sample-efficiency,latitude_bands,sincos,FFNN(sincos),,,,,49,80,polar,,2011,,0.9,0.84,0.8400000000000001,0.5125,,,
sample-efficiency,latitude_bands,sincos,FFNN(sincos),,,,,49,80,polar,,2012,,0.95,0.84,0.84,0.525,,,
sample-efficiency,latitude_bands,sincos,FFNN(sincos),,,,,49,80,polar,,2013,,0.9,0.82,0.8200000000000001,0.575,,,
sample-efficiency,latitude_bands,sincos,FFNN(sincos),,,,,49,80,polar,,2014,,0.8625,0.88,0.88,0.525,,,
sample-efficiency,latitude_bands,sincos,FFNN(sincos),,,,,49,80,polar,,2015,,0.9,0.84,0.8400000000000001,0.525,,,
sample-efficiency,latitude_bands,sincos,FFNN(sincos),,,,,49,80,polar,,2016,,0.95,0.83,0.8300000000000001,0.5125,,,
sample-efficiency,latitude_bands,sincos,FFNN(sincos),,,,,49,80,polar,,2017,,0.9125,0.78,0.78,0.5875,,,
sample-efficiency,latitude_bands,sincos,FFNN(sincos),,,,,49,80,polar,,2018,,0.9375,0.8,0.8,0.6125,,,
sample-efficiency,latitude_bands,sincos,FFNN(sincos),,,,,49,80,polar,,2019,,0.8875,0.87,0.87,0.55,,,
sample-efficiency,latitude_bands,raw,FFNN(raw),,,,,33,80,polar,,2000,,0.875,0.81,0.81,0.5125,,,
sample-efficiency,latitude_bands,raw,FFNN(raw),,,,,33,80,polar,,2001,,0.8875,0.88,0.8799999999999999,0.55,,,
sample-efficiency,latitude_bands,raw,FFNN(raw),,,,,33,80,polar,,2002,,0.65,0.67,0.6699999999999999,0.5375,,,
sample-efficiency,latitude_bands,raw,FFNN(raw),,,,,33,80,polar,,2003,,0.9375,0.75,0.75,0.625,,,
sample-efficiency,latitude_bands,raw,FFNN(raw),,,,,33,80,polar,,2004,,0.8875,0.83,0.8300000000000001,0.5125,,,
sample-efficiency,latitude_bands,raw,FFNN(raw),,,,,33,80,polar,,2005,,0.825,0.83,0.83,0.6,,,
sample-efficiency,latitude_bands,raw,FFNN(raw),,,,,33,80,polar,,2006,,0.9125,0.86,0.86,0.5125,,,
sample-efficiency,latitude_bands,raw,FFNN(raw),,,,,33,80,polar,,2007,,0.925,0.81,0.81,0.55,,,
sample-efficiency,latitude_bands,raw,FFNN(raw),,,,,33,80,polar,,2008,,0.9,0.8,0.8,0.5,,,
sample-efficiency,latitude_bands,raw,FFNN(raw),,,,,33,80,polar,,2009,,0.8875,0.77,0.77,0.5125,,,
sample-efficiency,latitude_bands,raw,FFNN(raw),,,,,33,80,polar,,2010,,0.95,0.83,0.83,0.5625,,,
sample-efficiency,latitude_bands,raw,FFNN(raw),,,,,33,80,polar,,2011,,0.9,0.81,0.81,0.5125,,,
sample-efficiency,latitude_bands,raw,FFNN(raw),,,,,33,80,polar,,2012,,0.9,0.81,0.81,0.525,,,
sample-efficiency,latitude_bands,raw,FFNN(raw),,,,,33,80,polar,,2013,,0.85,0.85,0.85,0.575,,,
sample-efficiency,latitude_bands,raw,FFNN(raw),,,,,33,80,polar,,2014,,0.8625,0.85,0.85,0.525,,,
sample-efficiency,latitude_bands,raw,FFNN(raw),,,,,33,80,polar,,2015,,0.8875,0.85,0.8500000000000001,0.525,,,
sample-efficiency,latitude_bands,raw,FFNN(raw),,,,,33,80,polar,,2016,,0.9,0.83,0.8300000000000001,0.5125,,,
sample-efficiency,latitude_bands,raw,FFNN(raw),,,,,33,80,polar,,2017,,0.9,0.8,0.8,0.5875,,,
sample-efficiency,latitude_bands,raw,FFNN(raw),,,,,33,80,polar,,2018,,0.8125,0.73,0.73,0.6125,,,
sample-efficiency,latitude_bands,raw,FFNN(raw),,,,,33,80,polar,,2019,,0.8875,0.86,0.86,0.55,,,
sample-efficiency,latitude_bands,bloch,VQC,,,,,12,160,polar,,2000,,0.9,0.83,0.83,0.525,,,
sample-efficiency,latitude_bands,bloch,VQC,,,,,12,160,polar,,2001,,0.85,0.83,0.8300000000000001,0.5125,,,
sample-efficiency,latitude_bands,bloch,VQC,,,,,12,160,polar,,2002,,0.9125,0.85,0.85,0.5125,,,
sample-efficiency,latitude_bands,bloch,VQC,,,,,12,160,polar,,2003,,0.89375,0.83,0.8300000000000001,0.53125,,,
sample-efficiency,latitude_bands,bloch,VQC,,,,,12,160,polar,,2004,,0.925,0.88,0.88,0.50625,,,
sample-efficiency,latitude_bands,bloch,VQC,,,,,12,160,polar,,2005,,0.9125,0.89,0.89,0.5125,,,
sample-efficiency,latitude_bands,bloch,VQC,,,,,12,160,polar,,2006,,0.9,0.82,0.82,0.50625,,,
sample-efficiency,latitude_bands,bloch,VQC,,,,,12,160,polar,,2007,,0.85,0.85,0.85,0.5125,,,
sample-efficiency,latitude_bands,bloch,VQC,,,,,12,160,polar,,2008,,0.925,0.91,0.91,0.51875,,,
sample-efficiency,latitude_bands,bloch,VQC,,,,,12,160,polar,,2009,,0.9125,0.8,0.8,0.5125,,,
sample-efficiency,latitude_bands,bloch,VQC,,,,,12,160,polar,,2010,,0.8625,0.78,0.78,0.51875,,,
sample-efficiency,latitude_bands,bloch,VQC,,,,,12,160,polar,,2011,,0.84375,0.77,0.77,0.525,,,
sample-efficiency,latitude_bands,bloch,VQC,,,,,12,160,polar,,2012,,0.9125,0.84,0.84,0.525,,,
sample-efficiency,latitude_bands,bloch,VQC,,,,,12,160,polar,,2013,,0.85,0.85,0.85,0.53125,,,
sample-efficiency,latitude_bands,bloch,VQC,,,,,12,160,polar,,2014,,0.8375,0.85,0.8500000000000001,0.50625,,,
sample-efficiency,latitude_bands,bloch,VQC,,,,,12,160,polar,,2015,,0.88125,0.83,0.8300000000000001,0.5375,,,
sample-efficiency,latitude_bands,bloch,VQC,,,,,12,160,polar,,2016,,0.8875,0.84,0.8400000000000001,0.53125,,,
sample-efficiency,latitude_bands,bloch,VQC,,,,,12,160,polar,,2017,,0.89375,0.83,0.8300000000000001,0.525,,,
sample-efficiency,latitude_bands,bloch,VQC,,,,,12,160,polar,,2018,,0.88125,0.83,0.8300000000000001,0.525,,,
sample-efficiency,latitude_bands,bloch,VQC,,,,,12,160,polar,,2019,,0.81875,0.89,0.89,0.55,,,
sample-efficiency,latitude_bands,cartesian,FFNN(cartesian),,,,,41,160,polar,,2000,,0.9125,0.83,0.83,0.525,,,
sample-efficiency,latitude_bands,cartesian,FFNN(cartesian),,,,,41,160,polar,,2001,,0.9,0.86,0.86,0.5125,,,
sample-efficiency,latitude_bands,cartesian,FFNN(cartesian),,,,,41,160,polar,,2002,,0.93125,0.85,0.85,0.5125,,,
sample-efficiency,latitude_bands,cartesian,FFNN(cartesian),,,,,41,160,polar,,2003,,0.9125,0.83,0.83,0.53125,,,
sample-efficiency,latitude_bands,cartesian,FFNN(cartesian),,,,,41,160,polar,,2004,,0.93125,0.86,0.86,0.50625,,,
sample-efficiency,latitude_bands,cartesian,FFNN(cartesian),,,,,41,160,polar,,2005,,0.91875,0.91,0.91,0.5125,,,
sample-efficiency,latitude_bands,cartesian,FFNN(cartesian),,,,,41,160,polar,,2006,,0.9125,0.83,0.8300000000000001,0.50625,,,
sample-efficiency,latitude_bands,cartesian,FFNN(cartesian),,,,,41,160,polar,,2007,,0.875,0.79,0.79,0.5125,,,
sample-efficiency,latitude_bands,cartesian,FFNN(cartesian),,,,,41,160,polar,,2008,,0.91875,0.9,0.9,0.51875,,,
sample-efficiency,latitude_bands,cartesian,FFNN(cartesian),,,,,41,160,polar,,2009,,0.91875,0.84,0.84,0.5125,,,
sample-efficiency,latitude_bands,cartesian,FFNN(cartesian),,,,,41,160,polar,,2010,,0.89375,0.86,0.86,0.51875,,,
sample-efficiency,latitude_bands,cartesian,FFNN(cartesian),,,,,41,160,polar,,2011,,0.86875,0.83,0.8300000000000001,0.525,,,
sample-efficiency,latitude_bands,cartesian,FFNN(cartesian),,,,,41,160,polar,,2012,,0.925,0.78,0.78,0.525,,,
sample-efficiency,latitude_bands,cartesian,FFNN(cartesian),,,,,41,160,polar,,2013,,0.85,0.86,0.8600000000000001,0.53125,,,
sample-efficiency,latitude_bands,cartesian,FFNN(cartesian),,,,,41,160,polar,,2014,,0.85,0.9,0.8999999999999999,0.50625,,,
sample-efficiency,latitude_bands,cartesian,FFNN(cartesian),,,,,41,160,polar,,2015,,0.91875,0.9,0.8999999999999999,0.5375,,,
sample-efficiency,latitude_bands,cartesian,FFNN(cartesian),,,,,41,160,polar,,2016,,0.89375,0.88,0.88,0.53125,,,
sample-efficiency,latitude_bands,cartesian,FFNN(cartesian),,,,,41,160,polar,,2017,,0.8875,0.84,0.8400000000000001,0.525,,,
sample-efficiency,latitude_bands,cartesian,FFNN(cartesian),,,,,41,160,polar,,2018,,0.88125,0.82,0.8200000000000001,0.525,,,
sample-efficiency,latitude_bands,cartesian,FFNN(cartesian),,,,,41,160,polar,,2019,,0.8125,0.87,0.87,0.55,,,
sample-efficiency,latitude_bands,sincos,FFNN(sincos),,,,,49,160,polar,,2000,,0.925,0.83,0.8300000000000001,0.525,,,
sample-efficiency,latitude_bands,sincos,FFNN(sincos),,,,,49,160,polar,,2001,,0.8875,0.84,0.84,0.5125,,,
sample-efficiency,latitude_bands,sincos,FFNN(sincos),,,,,49,160,polar,,2002,,0.9625,0.84,0.84,0.5125,,,
sample-efficiency,latitude_bands,sincos,FFNN(sincos),,,,,49,160,polar,,2003,,0.90625,0.83,0.8300000000000001,0.53125,,,
sample-efficiency,latitude_bands,sincos,FFNN(sincos),,,,,49,160,polar,,2004,,0.95625,0.87,0.87,0.50625,,,
sample-efficiency,latitude_bands,sincos,FFNN(sincos),,,,,49,160,polar,,2005,,0.925,0.9,0.9,0.5125,,,
sample-efficiency,latitude_bands,sincos,FFNN(sincos),,,,,49,160,polar,,2006,,0.9375,0.83,0.8300000000000001,0.50625,,,
sample-efficiency,latitude_bands,sincos,FFNN(sincos),,,,,49,160,polar,,2007,,0.9,0.8,0.8,0.5125,,,
sample-efficiency,latitude_bands,sincos,FFNN(sincos),,,,,49,160,polar,,2008,,0.93125,0.86,0.86,0.51875,,,
sample-efficiency,latitude_bands,sincos,FFNN(sincos),,,,,49,160,polar,,2009,,0.94375,0.82,0.8200000000000001,0.5125,,,
sample-efficiency,latitude_bands,sincos,FFNN(sincos),,,,,49,160,polar,,2010,,0.91875,0.87,0.87,0.51875,,,
sample-efficiency,latitude_bands,sincos,FFNN(sincos),,,,,49,160,polar,,2011,,0.89375,0.79,0.79,0.525,,,
sample-efficiency,latitude_bands,sincos,FFNN(sincos),,,,,49,160,polar,,2012,,0.9375,0.8,0.8,0.525,,,
sample-efficiency,latitude_bands,sincos,FFNN(sincos),,,,,49,160,polar,,2013,,0.8625,0.82,0.8200000000000001,0.53125,,,
sample-efficiency,latitude_bands,sincos,FFNN(sincos),,,,,49,160,polar,,2014,,0.8625,0.9,0.8999999999999999,0.50625,,,
sample-efficiency,latitude_bands,sincos,FFNN(sincos),,,,,49,160,polar,,2015,,0.9125,0.87,0.87,0.5375,,,
sample-efficiency,latitude_bands,sincos,FFNN(sincos),,,,,49,160,polar,,2016,,0.91875,0.84,0.84,0.53125,,,
sample-efficiency,latitude_bands,sincos,FFNN(sincos),,,,,49,160,polar,,2017,,0.89375,0.82,0.82,0.525,,,
sample-efficiency,latitude_bands,sincos,FFNN(sincos),,,,,49,160,polar,,2018,,0.8875,0.81,0.81,0.525,,,
sample-efficiency,latitude_bands,sincos,FFNN(sincos),,,,,49,160,polar,,2019,,0.84375,0.86,0.86,0.55,,,
sample-efficiency,latitude_bands,raw,FFNN(raw),,,,,33,160,polar,,2000,,0.5,0.45,0.45,0.525,,,
sample-efficiency,latitude_bands,raw,FFNN(raw),,,,,33,160,polar,,2001,,0.8875,0.85,0.8500000000000001,0.5125,,,
sample-efficiency,latitude_bands,raw,FFNN(raw),,,,,33,160,polar,,2002,,0.925,0.81,0.81,0.5125,,,
sample-efficiency,latitude_bands,raw,FFNN(raw),,,,,33,160,polar,,2003,,0.8875,0.83,0.83,0.53125,,,
sample-efficiency,latitude_bands,raw,FFNN(raw),,,,,33,160,polar,,2004,,0.9125,0.89,0.89,0.50625,,,
sample-efficiency,latitude_bands,raw,FFNN(raw),,,,,33,160,polar,,2005,,0.91875,0.88,0.88,0.5125,,,
sample-efficiency,latitude_bands,raw,FFNN(raw),,,,,33,160,polar,,2006,,0.9125,0.84,0.84,0.50625,,,
sample-efficiency,latitude_bands,raw,FFNN(raw),,,,,33,160,polar,,2007,,0.88125,0.82,0.8200000000000001,0.5125,,,
sample-efficiency,latitude_bands,raw,FFNN(raw),,,,,33,160,polar,,2008,,0.9,0.88,0.8799999999999999,0.51875,,,
sample-efficiency,latitude_bands,raw,FFNN(raw),,,,,33,160,polar,,2009,,0.93125,0.86,0.86,0.5125,,,
sample-efficiency,latitude_bands,raw,FFNN(raw),,,,,33,160,polar,,2010,,0.9,0.85,0.8500000000000001,0.51875,,,
sample-efficiency,latitude_bands,raw,FFNN(raw),,,,,33,160,polar,,2011,,0.8625,0.79,0.79,0.525,,,
sample-efficiency,latitude_bands,raw,FFNN(raw),,,,,33,160,polar,,2012,,0.925,0.79,0.79,0.525,,,
sample-efficiency,latitude_bands,raw,FFNN(raw),,,,,33,160,polar,,2013,,0.875,0.89,0.89,0.53125,,,
sample-efficiency,latitude_bands,raw,FFNN(raw),,,,,33,160,polar,,2014,,0.85625,0.88,0.8799999999999999,0.50625,,,
sample-efficiency,latitude_bands,raw,FFNN(raw),,,,,33,160,polar,,2015,,0.91875,0.88,0.8799999999999999,0.5375,,,
sample-efficiency,latitude_bands,raw,FFNN(raw),,,,,33,160,polar,,2016,,0.9,0.86,0.86,0.53125,,,
sample-efficiency,latitude_bands,raw,FFNN(raw),,,,,33,160,polar,,2017,,0.875,0.83,0.8300000000000001,0.525,,,
sample-efficiency,latitude_bands,raw,FFNN(raw),,,,,33,160,polar,,2018,,0.88125,0.8,0.8,0.525,,,
sample-efficiency,latitude_bands,raw,FFNN(raw),,,,,33,160,polar,,2019,,0.81875,0.86,0.86,0.55,,,
